q,orbit,dim,order,largest_prime,bits,log2_q,security_ratio,embedding_degree
2,1,1,3,3,1.584962500721156,1.0,1.584962500721156,2
2,2,4,7,7,2.807354922057604,1.0,0.701838730514401,3
2,3,6,156,13,3.700439718141092,1.0,0.6167399530235154,12
3,1,1,5,5,2.321928094887362,1.584962500721156,1.464973520717927,4
3,2,4,161,23,4.523561956057013,1.584962500721156,0.7135124575500679,11
3,3,6,384,3,1.584962500721156,1.584962500721156,0.16666666666666666,0
5,1,1,7,7,2.807354922057604,2.321928094887362,1.2090619551221677,6
5,2,4,784,7,2.807354922057604,2.321928094887362,0.30226548878054194,6
5,3,6,16128,7,2.807354922057604,2.321928094887362,0.2015103258536946,6
7,1,1,10,5,2.321928094887362,2.807354922057604,0.8270874753469161,0
7,2,4,1379,197,7.622051819456376,2.807354922057604,0.6787574096500346,98
7,3,6,80496,43,5.426264754702098,2.807354922057604,0.3221457507959727,6
17,1,1,22,11,3.4594316186372973,4.087462841250339,0.8463518209205471,0
17,2,4,61264,547,9.095397022792557,4.087462841250339,0.5562984531016746,546
17,3,6,29847552,347,8.43879185257826,4.087462841250339,0.3440925002593568,346
19,1,1,18,3,1.584962500721156,4.247927513443585,0.3731143000216369,0
19,2,4,89467,12781,13.641713098353947,4.247927513443585,0.8028452142357346,12780
19,3,6,94678416,239,7.900866807980749,4.247927513443585,0.3099890783202146,238
23,1,1,17,17,4.087462841250339,4.523561956057013,0.9035938671686058,0
23,2,4,381941,54563,15.735635348804065,4.523561956057013,0.8696484928063257,27281
23,3,6,98486832,2153,11.072132604167233,4.523561956057013,0.40794299977630594,2152
29,1,1,32,2,1.0,4.857980995127572,0.20584683246043448,0
29,2,4,1092336,3251,11.666667840690355,4.857980995127572,0.6003866550935316,3250
29,3,6,617017344,337,8.396604781181859,4.857980995127572,0.2880690829380709,336
31,1,1,35,7,2.807354922057604,4.954196310386875,0.5666620267290896,0
31,2,4,888496,7933,12.953650833649307,4.954196310386875,0.6536706471688923,3966
31,3,6,1278645120,221987,17.760115666396487,4.954196310386875,0.5974771874757622,110993
37,1,1,49,7,2.807354922057604,5.20945336562895,0.5388962574422941,0
37,2,4,1419824,1811,10.822570830950168,5.20945336562895,0.5193717109723821,362
37,3,6,1856279808,2659,11.376668061857668,5.20945336562895,0.36397510651561854,886
41,1,1,32,2,1.0,5.357552004618084,0.18665241123894338,0
41,2,4,2436931,97,6.599912842187128,5.357552004618084,0.3079724114902738,96
41,3,6,5671474368,4219847,22.008759261066402,5.357552004618084,0.6846646640759116,2109923
43,1,1,48,3,1.584962500721156,5.426264754702098,0.29209088984235726,0
43,2,4,1952944,53,5.727920454563199,5.426264754702098,0.26389794423501467,26
43,3,6,7224514560,283,8.144658242831882,5.426264754702098,0.2501615939944132,94
47,1,1,52,13,3.700439718141092,5.554588851677638,0.6661950716700585,0
47,2,4,7502096,1367,10.41679752760606,5.554588851677638,0.46883746960226863,1366
47,3,6,10222530048,6911,12.754678763822529,5.554588851677638,0.3827069564884857,6910
53,1,1,52,13,3.700439718141092,5.727920454563199,0.6460354586790925,0
53,2,4,9403401,2273,11.150381968817848,5.727920454563199,0.48666798261552313,1136
53,3,6,22411374336,17401,14.086882596749069,5.727920454563199,0.40988938040409373,4350
59,1,1,61,61,5.930737337562887,5.882643049361842,1.0081756257854644,60
59,2,4,16552816,147793,17.173218414391503,5.882643049361842,0.7298257887776516,73896
59,3,6,36750453888,95704307,26.512080516276246,5.882643049361842,0.7511385696817668,95704306
61,1,1,64,2,1.0,5.930737337562887,0.1686130986895011,0
61,2,4,17620848,5827,12.508537595347322,5.930737337562887,0.5272758210064082,5826
61,3,6,41710086144,37097,15.17901490170221,5.930737337562887,0.4265634562716871,9274
67,1,1,69,23,4.523561956057013,6.066089190457772,0.7457130638917702,0
67,2,4,20013168,127,6.9886846867721655,6.066089190457772,0.2880226644938586,126
67,3,6,84565146240,55823,15.768572038328603,6.066089190457772,0.4332437683005955,27911
71,1,1,81,3,1.584962500721156,6.149747119504682,0.2577280772560959,0
71,2,4,31476144,4073,11.991876099003415,6.149747119504682,0.48749468335737334,4072
71,3,6,164961045120,20107,14.295410224594724,6.149747119504682,0.3874254216420017,10053
73,1,1,90,5,2.321928094887362,6.189824558880018,0.3751201787385538,0
73,2,4,21525679,22123,14.433259415739311,6.189824558880018,0.5829429929089482,11061
73,3,6,103157880480,7959713,22.9242849823869,6.189824558880018,0.617257262687663,1989928
79,1,1,72,3,1.584962500721156,6.303780748177103,0.25143046118466095,0
79,2,4,44576784,14741,13.847546776852514,6.303780748177103,0.5491762535069482,14740
79,3,6,216214576128,128201,16.968047989821034,6.303780748177103,0.44862093262385366,128200
83,1,1,84,7,2.807354922057604,6.3750394313469245,0.4403666757343434,0
83,2,4,50716827,268343,18.0337187288716,6.3750394313469245,0.7072002817816854,268342
83,3,6,459502101504,59999,15.87265083515288,6.3750394313469245,0.41496869695437816,29999
89,1,1,97,97,6.599912842187128,6.475733430966398,1.0191761153457792,16
89,2,4,58226448,173293,17.40285385386709,6.475733430966398,0.6718487581131793,43323
89,3,6,662888044032,10036459,23.258747020729025,6.475733430966398,0.5986129413930605,1672743
97,1,1,111,37,5.20945336562895,6.599912842187128,0.7893215395709079,0
97,2,4,70520016,29983,14.871857121360522,6.599912842187128,0.5633353605178889,9994
97,3,6,660871632384,143418323,27.09565411237538,6.599912842187128,0.6842427256306065,143418322
101,1,1,84,7,2.807354922057604,6.658211482751795,0.42163799232423044,0
101,2,4,127362256,1137163,20.117007633085638,6.658211482751795,0.7553457743569378,189527
101,3,6,925417482240,120017,16.872879247592387,6.658211482751795,0.4223576479284729,120016
103,1,1,96,3,1.584962500721156,6.6865005271832185,0.23703916484828927,0
103,2,4,125398077,5971337,22.509622560665548,6.6865005271832185,0.841606998651806,746417
103,3,6,1420036935552,136963439,27.029215590877268,6.6865005271832185,0.673726001640495,136963438
107,1,1,100,5,2.321928094887362,6.741466986401147,0.3444247519970273,0
107,2,4,131555088,6869,12.74588436914204,6.741466986401147,0.4726673139115334,6868
107,3,6,2125880997888,11299,13.463907474412858,6.741466986401147,0.33286294861272236,3766
109,1,1,106,53,5.727920454563199,6.768184324776926,0.8463008954402238,0
109,2,4,135198959,19314137,24.203153880293645,6.768184324776926,0.8940046812736354,9657068
109,3,6,1934385974784,1385441,20.40191384324721,6.768184324776926,0.5023975132335964,1385440
113,1,1,113,113,6.820178962415188,6.820178962415188,1.0,0
113,2,4,194845749,9278369,23.145439792520342,6.820178962415188,0.848417611915714,4639184
113,3,6,1382421986304,450007157,28.745372705621875,6.820178962415188,0.7024589057470142,112501789
127,1,1,136,17,4.087462841250339,6.9886846867721655,0.5848686876640586,0
127,2,4,268567152,799307,19.608390198253552,6.9886846867721655,0.7014334984724427,399653
127,3,6,4020069040128,231041,17.817789366112823,6.9886846867721655,0.4249199519102035,231040
131,1,1,114,19,4.247927513443585,7.03342300153745,0.6039630365634233,0
131,2,4,339103632,1009237,19.94483357288144,7.03342300153745,0.708930543795022,84103
131,3,6,6529990169088,1881937,20.84378690232746,7.03342300153745,0.49392230254910907,627312
137,1,1,155,31,4.954196310386875,7.098032082960526,0.6979675848859398,0
137,2,4,371540176,62591,15.933667605575867,7.098032082960526,0.5612001826473174,31295
137,3,6,6023565880320,21487,14.391176448296964,7.098032082960526,0.3379147036834875,3581
139,1,1,122,61,5.930737337562887,7.118941072723508,0.8330926295045104,0
139,2,4,464481584,592451,19.176336312025267,7.118941072723508,0.6734265713162076,296225
139,3,6,7023533879808,1050451,20.0025774360417,7.118941072723508,0.4682947747355838,350150
149,1,1,136,17,4.087462841250339,7.219168520462161,0.5661957924468378,0
149,2,4,462780283,733,9.517669388133811,7.219168520462161,0.3295971468582819,732
149,3,6,12799624793088,1223,10.256208688527387,7.219168520462161,0.23678185512770564,611
151,1,1,148,37,5.20945336562895,7.2384047393250786,0.7196963354821588,0
151,2,4,532326144,1193,10.220378327695228,7.2384047393250786,0.35299139436655047,149
151,3,6,13475724115968,647,9.337621901992508,7.2384047393250786,0.21500183715118706,646
157,1,1,153,17,4.087462841250339,7.294620748891627,0.5603393215296908,0
157,2,4,703593177,7477,12.868243817704636,7.294620748891627,0.44101826060182386,7476
157,3,6,13503656263104,378817,18.531141549871858,7.294620748891627,0.42339741817483684,126272
163,1,1,168,7,2.807354922057604,7.348728154231077,0.3820191553066569,0
163,2,4,720775216,6435493,22.617619241688,7.348728154231077,0.7694399209972735,1608873
163,3,6,15855480465408,860214869,29.680121827892698,7.348728154231077,0.6731351150154279,430107434
167,1,1,164,41,5.357552004618084,7.383704292474052,0.7255913552874601,0
167,2,4,790616547,491,8.939579214314692,7.383704292474052,0.30267934833964333,490
167,3,6,25388831500896,214913,17.713393227878534,7.383704292474052,0.3998307743249588,214912
173,1,1,182,13,3.700439718141092,7.434628227636725,0.4977302973113648,0
173,2,4,1007079696,333029,18.345288286371517,7.434628227636725,0.6168865383939651,83257
173,3,6,23777932403712,6713107,22.67854920699168,7.434628227636725,0.5083990867377597,3356553
179,1,1,195,13,3.700439718141092,7.483815777264256,0.49445895359730585,0
179,2,4,973738752,9533,13.218714581067502,7.483815777264256,0.44157669611623124,2383
179,3,6,32053352607744,200654501,27.580138277527038,7.483815777264256,0.6142173791725154,4013090
181,1,1,175,7,2.807354922057604,7.499845887083206,0.37432168131516413,0
181,2,4,1453190501,4236707,22.01451192831547,7.499845887083206,0.7338321433454555,4236706
181,3,6,31413692173536,196873,17.586905741912663,7.499845887083206,0.3908281584870551,98436
191,1,1,207,23,4.523561956057013,7.577428828035749,0.5969784815820737,0
191,2,4,1261458457,54493,15.733783297257496,7.577428828035749,0.5191003325245376,54492
191,3,6,50014084678464,42391,15.371470379394315,7.577428828035749,0.33809776218817505,14130
193,1,1,218,109,6.768184324776926,7.592457037268081,0.8914353142276398,0
193,2,4,1113114611,64301,15.972553553865076,7.592457037268081,0.5259349336934912,32150
193,3,6,37225528215840,208441,17.66927955569475,7.592457037268081,0.38786915902111607,34740
197,1,1,208,13,3.700439718141092,7.622051819456376,0.4854912831601579,0
197,2,4,1491993727,213141961,27.66723940180799,7.622051819456376,0.9074734748976453,26642745
197,3,6,57777385456896,1564151,20.576948363577866,7.622051819456376,0.4499433322108068,782075
199,1,1,204,17,4.087462841250339,7.636624620543649,0.5352446983258101,0
199,2,4,1869533869,24229,14.564447241424448,7.636624620543649,0.47679596566275934,2692
199,3,6,54892873813824,22367,14.44908414576479,7.636624620543649,0.3153462178149279,22366
211,1,1,236,59,5.882643049361842,7.721099188707185,0.761891915333214,0
211,2,4,1954932112,5879,12.521355062558259,7.721099188707185,0.40542657063879867,5878
211,3,6,87051385009152,34854907,25.054858442434853,7.721099188707185,0.5408309928867788,17427453
223,1,1,219,73,6.189824558880018,7.800899899920305,0.793475706430133,0
223,2,4,2206237712,21023,14.359680937350838,7.800899899920305,0.46019309059130276,10511
223,3,6,141161844002688,877,9.776433032444734,7.800899899920305,0.20887404354773245,876
227,1,1,228,19,4.247927513443585,7.826548487290915,0.5427587295142363,0
227,2,4,1969274643,2534459,21.27324639493035,7.826548487290915,0.6795219639115109,2534458
227,3,6,154082026096512,83299829,26.31181019820446,7.826548487290915,0.5603110626378645,20824957
229,1,1,221,17,4.087462841250339,7.839203788096944,0.5214130097570301,0
229,2,4,2933860608,60637,15.887910757857492,7.839203788096944,0.5066812646834655,15159
229,3,6,166429710913536,5179,12.338457843130849,7.839203788096944,0.26232378901085124,5178
233,1,1,250,5,2.321928094887362,7.864186144654281,0.2952534505386427,0
233,2,4,2463848016,44987,15.457220542211449,7.864186144654281,0.4913801713836139,22493
233,3,6,169713418374144,18415084459,34.10016896290742,7.864186144654281,0.7226890855935799,9207542229
239,1,1,270,5,2.321928094887362,7.900866807980749,0.29388270316643716,0
239,2,4,3381425523,1069,10.06204613772049,7.900866807980749,0.318384247648521,178
239,3,6,204977074824432,59751161,25.832463409985586,7.900866807980749,0.5449288885596693,59751160
241,1,1,252,7,2.807354922057604,7.912889336229962,0.35478253300015794,0
241,2,4,2944563979,420651997,28.648051952434116,7.912889336229962,0.9051071844663023,420651996
241,3,6,208347468325632,90428588683,36.39605989663367,7.912889336229962,0.766598612089574,45214294341
251,1,1,231,11,3.4594316186372973,7.971543553950772,0.4339726171254211,0
251,2,4,3527626781,3391,11.72749506902543,7.971543553950772,0.36779247926247527,1695
251,3,6,229895969087280,23333249,24.475883871226486,7.971543553950772,0.5117345155212759,11666624
257,1,1,240,5,2.321928094887362,8.005624549193879,0.29003709587169774,0
257,2,4,4024393933,1801,10.814582465906277,8.005624549193879,0.3377182629366264,225
257,3,6,308247592445952,50170506583,35.54612045426888,8.005624549193879,0.7400238885348879,16723502194
263,1,1,282,47,5.554588851677638,8.038918989292302,0.6909621628326211,0
263,2,4,4278805552,599,9.226412192788786,8.038918989292302,0.28692950523192867,299
263,3,6,406506668057088,264652778683,37.945309845178095,8.038918989292302,0.7867000918846713,264652778682
269,1,1,300,5,2.321928094887362,8.071462362556623,0.2876713029919767,0
269,2,4,6716261909,6902633,22.718715350267452,8.071462362556623,0.7036740781837497,313756
269,3,6,376452570230016,70024659641,36.02714401488587,8.071462362556623,0.7439202133105226,70024659640
271,1,1,244,61,5.930737337562887,8.08214904135387,0.7338069747559873,0
271,2,4,4614013383,2468707,21.235324188821973,8.08214904135387,0.6568588403952758,1234353
271,3,6,396988694181216,68952677,26.039103227838435,8.08214904135387,0.5369673976274617,17238169
277,1,1,252,7,2.807354922057604,8.113742166049189,0.3460000163432091,0
277,2,4,5587099952,3229,11.65687172561398,8.113742166049189,0.3591706356652088,3228
277,3,6,365038388434944,2829228581,31.39776159464873,8.113742166049189,0.6449502780198481,8953255
281,1,1,264,11,3.4594316186372973,8.134426320220927,0.4252828020628431,0
281,2,4,6624246531,315440311,28.23279179704484,8.134426320220927,0.8676946193139178,315440310
281,3,6,475744350089088,11443,13.482177711187445,8.134426320220927,0.27623701169257286,5721
283,1,1,314,157,7.294620748891627,8.144658242831882,0.8956325153743101,0
283,2,4,6713496496,2606171,21.313500316606415,8.144658242831882,0.6542171470289879,2606170
283,3,6,602805164064768,32789,15.000924282590567,8.144658242831882,0.3069685642486982,1171
293,1,1,280,7,2.807354922057604,8.194756854422248,0.3425794043593414,0
293,2,4,8047662336,18481,14.173755202104736,8.194756854422248,0.43240316503277215,77
293,3,6,692958219534336,503509681,28.907444276350663,8.194756854422248,0.5879256047471163,6993190
307,1,1,308,11,3.4594316186372973,8.262094845370179,0.4187111965406516,0
307,2,4,9451432704,3847,11.909518114296615,8.262094845370179,0.3603661764113716,641
307,3,6,906930412904448,43775911,25.3836338664342,8.262094845370179,0.5120499974381678,43775910
311,1,1,304,19,4.247927513443585,8.280770770130603,0.5129869708223534,0
311,2,4,10730076693,56893,15.795963536711662,8.280770770130603,0.47688687367391436,56892
311,3,6,809138902593024,175594379903,37.353455714284465,8.280770770130603,0.7518111689357336,175594379902
313,1,1,311,311,8.280770770130603,8.290018846932618,0.9988844323550077,0
313,2,4,9499022001,150778127,27.16785191477843,8.290018846932618,0.8192940334758944,150778126
313,3,6,748554253065792,31607,14.947956486904555,8.290018846932618,0.3005211601023769,15803
317,1,1,319,29,4.857980995127572,8.308339030139408,0.5847114540589539,0
317,2,4,9156059248,3793,11.889123656294238,8.308339030139408,0.3577467052429235,474
317,3,6,1248434565403392,627874021,29.22589987950439,8.308339030139408,0.586276426079955,125574804
331,1,1,343,7,2.807354922057604,8.370687406807217,0.3353792568785456,0
331,2,4,12463991344,2081,11.023061249735335,8.370687406807217,0.3292161298715788,520
331,3,6,1417666779455616,1230613523833,40.16251489089083,8.370687406807217,0.7996658047906126,615306761916
337,1,1,358,179,7.483815777264256,8.396604781181859,0.8912907028846577,0
337,2,4,11917425744,40351,15.300316807133395,8.396604781181859,0.4555507019165611,13450
337,3,6,1182443054450688,64151641409,35.90076712802068,8.396604781181859,0.7126048377807831,64151641408
347,1,1,330,11,3.4594316186372973,8.43879185257826,0.40994394447356286,0
347,2,4,12797850352,108929,16.73302856610814,8.43879185257826,0.4957175404496967,108928
347,3,6,1984905989740032,7334407,22.806248895448686,8.43879185257826,0.4504248414911986,3667203
349,1,1,334,167,7.383704292474052,8.447083226209653,0.8741128854471159,0
349,2,4,15994401367,76207,16.217635902221538,8.447083226209653,0.4799773918380896,38103
349,3,6,1834987093604352,53017,15.694167416265861,8.447083226209653,0.3096565405276999,26508
353,1,1,369,41,5.357552004618084,8.46352437327118,0.6330166687459272,0
353,2,4,15474608016,46055381,25.45686639139642,8.46352437327118,0.7519582052540736,11513845
353,3,6,1748763908183040,3347303,21.674567719933872,8.46352437327118,0.42682312875836814,239093
359,1,1,338,13,3.700439718141092,8.487840033823051,0.4359695403536438,0
359,2,4,16865563939,948943,19.855961906164715,8.487840033823051,0.5848355361034441,158157
359,3,6,2015062219127376,4635139991,32.109965765926944,8.487840033823051,0.6305091683705254,4635139990
367,1,1,365,73,6.189824558880018,8.519636252843213,0.7265362481660318,0
367,2,4,15612396821,5009,12.290306896257901,8.519636252843213,0.36064646809763506,5008
367,3,6,2915672669451360,2743219,21.387438371095474,8.519636252843213,0.41839498260969293,457203
373,1,1,348,29,4.857980995127572,8.543031820255237,0.5686483554479411,0
373,2,4,19791473744,1289851,20.298772988479296,8.543031820255237,0.5940154916768423,644925
373,3,6,2597229223170048,54421,15.731875846276436,8.543031820255237,0.30691437921325726,13605
379,1,1,391,23,4.523561956057013,8.566054038171092,0.5280800162945064,0
379,2,4,20700012368,26403077,24.65420273447562,8.566054038171092,0.7195320804834501,26403076
379,3,6,3541242674100096,62734599527,35.8685422898027,8.566054038171092,0.6978814696936168,62734599526
383,1,1,403,31,4.954196310386875,8.581200581924957,0.5773313725846433,0
383,2,4,21121333072,16267,13.989660589736523,8.581200581924957,0.4075671130215653,2711
383,3,6,3431047454984832,8935019414023,43.02260800260837,8.581200581924957,0.8355980726292387,2978339804674
389,1,1,381,127,6.9886846867721655,8.603626344986193,0.8122952353509468,0
389,2,4,20791815597,138493,17.079453532873725,8.603626344986193,0.4962864740989962,69246
389,3,6,3888854465835168,1500329655029,40.44841666565137,8.603626344986193,0.7835536443928843,1500329655028
397,1,1,416,13,3.700439718141092,8.632995197142957,0.42863914940734965,0
397,2,4,22679537104,13901,13.762901049775058,8.632995197142957,0.39855521564317026,2780
397,3,6,4307408539951104,77317,16.23849803974359,8.632995197142957,0.3134967966683149,25772
401,1,1,420,7,2.807354922057604,8.64745842645492,0.32464509033881495,0
401,2,4,29079667568,277097,18.080031565954258,8.64745842645492,0.5226978458387999,277096
401,3,6,4179948124489728,2140729,21.02967074239371,8.64745842645492,0.4053150591634771,2140728
409,1,1,428,107,6.741466986401147,8.67595703294175,0.7770286275974472,0
409,2,4,27120158464,15134017,23.851291635030655,8.67595703294175,0.687281286216312,5044672
409,3,6,4703247195586560,9285571,23.146559198229017,8.67595703294175,0.444649489586448,9285570
419,1,1,448,7,2.807354922057604,8.710806433699352,0.32228415858224524,0
419,2,4,36105402389,40613501,25.275456061275104,8.710806433699352,0.7254051692473721,40613500
419,3,6,5582298113507328,9976471,23.250098147294867,8.710806433699352,0.4448516204987941,1995294
421,1,1,444,37,5.20945336562895,8.717676423066395,0.597573609390351,0
421,2,4,33523412944,299316187,28.157095060899007,8.717676423066395,0.807471328781979,149658093
421,3,6,5585875100199936,414857111,28.62803927447685,8.717676423066395,0.5473178456652538,207428555
431,1,1,472,59,5.882643049361842,8.751544059089099,0.6721834466744528,0
431,2,4,30962653659,70991,16.115348515738834,8.751544059089099,0.4603572925797563,14198
431,3,6,5374096054275936,16847749,24.006052512385768,8.751544059089099,0.45717746777598217,5615916
433,1,1,401,401,8.64745842645492,8.758223214726724,0.9873530526048301,0
433,2,4,34759329577,9349,13.190596342475638,8.758223214726724,0.3765203289263053,2337
433,3,6,5303251956989376,708233434427,39.36543399613631,8.758223214726724,0.749113776295485,354116717213
439,1,1,434,31,4.954196310386875,8.778077129535358,0.5643828639552078,0
439,2,4,34943345136,11555339,23.46205624910966,8.778077129535358,0.6682003331392338,251203
439,3,6,8664738531858432,32561623,24.956669275231413,8.778077129535358,0.4738446493264526,16280811
443,1,1,467,467,8.867278739709661,8.791162888555018,1.0086582232771204,233
443,2,4,42692694037,115074647,26.777994776093628,8.791162888555018,0.7615032025784436,115074646
443,3,6,6829532479418112,1132199,20.11069612385531,8.791162888555018,0.3812672714405981,566099
449,1,1,429,13,3.700439718141092,8.810571634741146,0.4199999581808985,0
449,2,4,36551690000,522167,18.99415175927884,8.810571634741146,0.538959120551912,261083
449,3,6,9780091933310976,876548369,29.707258461938906,8.810571634741146,0.5619623730352826,438274184
457,1,1,474,79,6.303780748177103,8.83605035505807,0.713416118613289,0
457,2,4,40419786883,5387,12.395266349839096,8.83605035505807,0.3507015536286414,5386
457,3,6,7684155677606688,10635389,23.342369466490602,8.83605035505807,0.4402866387983819,10635388
461,1,1,452,113,6.820178962415188,8.848622940429339,0.7707616211392403,0
461,2,4,49103983719,779428313,29.537841097948412,8.848622940429339,0.8345321440636283,389714156
461,3,6,10400550076989696,121351,16.888826471587553,8.848622940429339,0.31810649305333416,8090
463,1,1,473,43,5.426264754702098,8.854868383260236,0.6128001591712224,0
463,2,4,45547202288,406671449,28.599288466810684,8.854868383260236,0.8074453291953063,50833931
463,3,6,9251618417216640,1036916561,29.949652661469454,8.854868383260236,0.5637134919303833,1036916560
467,1,1,491,491,8.939579214314692,8.867278739709661,1.0081536260139488,245
467,2,4,46666061568,2893481,21.464374740027896,8.867278739709661,0.6051567614511094,2893480
467,3,6,8566891242024960,1209083,20.20548185409175,8.867278739709661,0.37977607424637644,604541
479,1,1,444,37,5.20945336562895,8.90388184573618,0.5850766503739727,0
479,2,4,54301823744,644731,19.298337827352935,8.90388184573618,0.5418518058108096,322365
479,3,6,11198656927211520,43427,15.406304672322502,8.90388184573618,0.2883817968245717,21713
487,1,1,463,463,8.854868383260236,8.927777962082342,0.9918334014206263,0
487,2,4,52157492016,2126447,21.02001346670965,8.927777962082342,0.5886126860453101,1063223
487,3,6,14922888157489536,67610119,26.010735850639083,8.927777962082342,0.48557688824533035,11268353
491,1,1,480,5,2.321928094887362,8.939579214314692,0.25973572572289816,0
491,2,4,53294341744,56453,15.784762629637541,8.939579214314692,0.4414291280165025,56452
491,3,6,15334411830190080,16443769,23.971037674569782,8.939579214314692,0.44690838908438485,2740628
499,1,1,472,59,5.882643049361842,8.96289600533726,0.6563328466445245,0
499,2,4,65800713552,56453,15.784762629637541,8.96289600533726,0.4402807591496646,56452
499,3,6,13888883866945536,83724463897,36.28493018199593,8.96289600533726,0.6747248166290011,27908154632
