N,spins_per_layer,beta,kappa,log_Z,overlap_per_site,overlap_response_to_kappa_per_site,intralayer_interaction_energy_per_spin,evaluation
35,16,0.2,0.0,23.5036054077415,-3.0178393794877235e-18,1.131043346535847,-0.3523612389427395,Numerical finite sums from exact integer counts.
35,16,0.2,0.0025,23.503661959826296,0.0028276001131196495,1.13103344269729,-0.3523636133078843,Numerical finite sums from exact integer counts.
35,16,0.2,0.005,23.503831615090302,0.005655150707683079,1.1310037319455097,-0.3523707362606018,Numerical finite sums from exact integer counts.
35,16,0.2,0.0075,23.504114370562462,0.008482602268953452,1.1309542165720448,-0.3523826073727604,Numerical finite sums from exact integer counts.
35,16,0.2,0.01,23.504510221291273,0.01130990528983155,1.130884900395681,-0.3523992259308718,Numerical finite sums from exact integer counts.
35,16,0.2,0.0125,23.50501916034516,0.014137010274674731,1.1307957887617854,-0.35242059093618755,Numerical finite sums from exact integer counts.
35,16,0.2,0.015,23.505641178813022,0.016963867743109522,1.1306868885413741,-0.35244670110483317,Numerical finite sums from exact integer counts.
35,16,0.2,0.0175,23.506376265804896,0.019790428233846837,1.1305582081299141,-0.3524775548679828,Numerical finite sums from exact integer counts.
35,16,0.2,0.02,23.507224408452835,0.022616642308489605,1.130409757445856,-0.35251315037206976,Numerical finite sums from exact integer counts.
35,16,0.2,0.0225,23.50818559191186,0.025442460555339913,1.1302415479289085,-0.35255348547903775,Numerical finite sums from exact integer counts.
35,16,0.2,0.025,23.509259799361125,0.028267833593197175,1.1300535925380417,-0.35259855776662885,Numerical finite sums from exact integer counts.
35,16,0.2,0.0275,23.51044701200522,0.031092712075156136,1.12984590574923,-0.3526483645287106,Numerical finite sums from exact integer counts.
35,16,0.2,0.03,23.51174720907559,0.03391704669239503,1.1296185035529298,-0.3527029027756408,Numerical finite sums from exact integer counts.
35,16,0.2,0.0325,23.513160367832167,0.03674078817795797,1.129371403451298,-0.3527621692346713,Numerical finite sums from exact integer counts.
35,16,0.2,0.035,23.5146864635651,0.039563887310531135,1.1291046244551435,-0.3528261603503876,Numerical finite sums from exact integer counts.
35,16,0.2,0.0375,23.516325469596655,0.042386294918209944,1.128818187080623,-0.35289487228518945,Numerical finite sums from exact integer counts.
35,16,0.2,0.04,23.518077357283282,0.045207961882258646,1.1285121133456752,-0.3529683009198069,Numerical finite sums from exact integer counts.
35,16,0.2,0.0425,23.519942096017804,0.0480288391408598,1.1281864267661952,-0.3530464418538545,Numerical finite sums from exact integer counts.
35,16,0.2,0.045,23.52191965323177,0.0508488776928527,1.1278411523519545,-0.3531292904064234,Numerical finite sums from exact integer counts.
35,16,0.2,0.0475,23.524009994397957,0.053668028601465384,1.1274763166022626,-0.35321684161671063,Numerical finite sums from exact integer counts.
35,16,0.2,0.05,23.526213083033024,0.0564862429980303,1.1270919475013708,-0.35330909024468565,Numerical finite sums from exact integer counts.
35,16,0.2,0.0525,23.528528880700314,0.05930347208569238,1.1266880745136345,-0.3534060307717938,Numerical finite sums from exact integer counts.
35,16,0.2,0.055,23.530957347012777,0.06211966714310128,1.1262647285784084,-0.3535076574016962,Numerical finite sums from exact integer counts.
35,16,0.2,0.0575,23.53349843963609,0.06493477952809477,1.1258219421047007,-0.3536139640610479,Numerical finite sums from exact integer counts.
35,16,0.2,0.06,23.536152114291895,0.0677487606813632,1.1253597489655767,-0.3537249444003105,Numerical finite sums from exact integer counts.
35,16,0.2,0.0625,23.538918324761166,0.07056156213010394,1.1248781844923164,-0.353840591794602,Numerical finite sums from exact integer counts.
35,16,0.2,0.065,23.541797022887767,0.07337313549165908,1.1243772854683256,-0.35396089934458425,Numerical finite sums from exact integer counts.
35,16,0.2,0.0675,23.544788158582108,0.07618343247713773,1.1238570901228033,-0.3540858598773829,Numerical finite sums from exact integer counts.
35,16,0.2,0.07,23.547891679824993,0.07899240489502245,1.1233176381241703,-0.35421546594754594,Numerical finite sums from exact integer counts.
35,16,0.2,0.0725,23.551107532671555,0.08180000465475849,1.1227589705732557,-0.3543497098380371,Numerical finite sums from exact integer counts.
35,16,0.2,0.075,23.5544356612554,0.08460618377032746,1.1221811299962472,-0.35448858356126295,Numerical finite sums from exact integer counts.
35,16,0.2,0.0775,23.55787600779284,0.08741089436379916,1.1215841603374095,-0.3546320788601371,Numerical finite sums from exact integer counts.
35,16,0.2,0.08,23.561428512587277,0.09021408866886979,1.1209681069515667,-0.35478018720917714,Numerical finite sums from exact integer counts.
35,16,0.2,0.0825,23.56509311403377,0.09301571903437707,1.120333016596352,-0.3549328998156377,Numerical finite sums from exact integer counts.
35,16,0.2,0.085,23.568869748623676,0.09581573792779902,1.1196789374242346,-0.3550902076206763,Numerical finite sums from exact integer counts.
35,16,0.2,0.08750000000000001,23.572758350949503,0.09861409793872855,1.1190059189743187,-0.35525210130055374,Numerical finite sums from exact integer counts.
35,16,0.2,0.09,23.57675885370982,0.10141075178233183,1.1183140121639168,-0.355418571267868,Numerical finite sums from exact integer counts.
35,16,0.2,0.0925,23.580871187714386,0.10420565230278227,1.1176032692799072,-0.35558960767282227,Numerical finite sums from exact integer counts.
35,16,0.2,0.095,23.585095281889362,0.10699875247667236,1.1168737439698677,-0.35576520040452325,Numerical finite sums from exact integer counts.
35,16,0.2,0.0975,23.58943106328267,0.10979000541640548,1.116125491233001,-0.35594533909231596,Numerical finite sums from exact integer counts.
35,16,0.2,0.1,23.59387845706951,0.11257936437356254,1.1153585674108384,-0.3561300131071476,Numerical finite sums from exact integer counts.
35,16,0.2,0.10250000000000001,23.598437386557976,0.11536678274224686,1.1145730301777428,-0.3563192115629659,Numerical finite sums from exact integer counts.
35,16,0.2,0.105,23.603107773194843,0.11815221406240367,1.1137689385311982,-0.35651292331814755,Numerical finite sums from exact integer counts.
35,16,0.2,0.1075,23.60788953657144,0.12093561202311441,1.1129463527818984,-0.35671113697695817,Numerical finite sums from exact integer counts.
35,16,0.2,0.11,23.612782594429717,0.1237169304658697,1.1121053345436318,-0.356913840891045,Numerical finite sums from exact integer counts.
35,16,0.2,0.1125,23.617786862668364,0.12649612338781174,1.1112459467229707,-0.3571210231609575,Numerical finite sums from exact integer counts.
35,16,0.2,0.115,23.62290225534914,0.12927314494495473,1.1103682535087638,-0.35733267163770127,Numerical finite sums from exact integer counts.
35,16,0.2,0.11750000000000001,23.628128684703263,0.1320479494553762,1.1094723203614405,-0.3575487739243194,Numerical finite sums from exact integer counts.
35,16,0.2,0.12,23.63346606113798,0.1348204914023837,1.108558214002113,-0.35776931737750456,Numerical finite sums from exact integer counts.
35,16,0.2,0.1225,23.63891429324322,0.13759072543765133,1.1076260024015143,-0.3579942891092411,Numerical finite sums from exact integer counts.
35,16,0.2,0.125,23.6444732877984,0.1403586063843304,1.1066757547687347,-0.3582236759884741,Numerical finite sums from exact integer counts.
35,16,0.2,0.1275,23.650142949779344,0.14312408924013115,1.1057075415397895,-0.3584574646428088,Numerical finite sums from exact integer counts.
35,16,0.2,0.13,23.655923182365324,0.14588712918037527,1.1047214343660061,-0.3586956414602362,Numerical finite sums from exact integer counts.
35,16,0.2,0.1325,23.66181388694623,0.14864768156101985,1.1037175061022404,-0.35893819259088866,Numerical finite sums from exact integer counts.
35,16,0.2,0.135,23.667814963129857,0.1514057019216506,1.1026958307949244,-0.35918510394882,Numerical finite sums from exact integer counts.
35,16,0.2,0.1375,23.673926308749294,0.1541611459884472,1.101656483669943,-0.35943636121381484,Numerical finite sums from exact integer counts.
35,16,0.2,0.14,23.68014781987047,0.15691396967711446,1.1005995411203628,-0.3596919498332235,Numerical finite sums from exact integer counts.
35,16,0.2,0.14250000000000002,23.68647939079978,0.1596641290957867,1.099525080693984,-0.3599518550238223,Numerical finite sums from exact integer counts.
35,16,0.2,0.145,23.692920914091825,0.16241158054789726,1.0984331810807477,-0.3602160617737003,Numerical finite sums from exact integer counts.
35,16,0.2,0.1475,23.69947228055732,0.16515628053501988,1.097323922099989,-0.3604845548441707,Numerical finite sums from exact integer counts.
35,16,0.2,0.15,23.706133379271037,0.1678981857596735,1.096197384687547,-0.3607573187717084,Numerical finite sums from exact integer counts.
35,16,0.2,0.1525,23.71290409757992,0.1706372531281001,1.0950536508827216,-0.3610343378699088,Numerical finite sums from exact integer counts.
35,16,0.2,0.155,23.719784321111277,0.17337343975300493,1.0938928038150921,-0.3613155962314738,Numerical finite sums from exact integer counts.
35,16,0.2,0.1575,23.72677393378111,0.17610670295626601,1.0927149276912076,-0.36160107773021943,Numerical finite sums from exact integer counts.
35,16,0.2,0.16,23.733872817802514,0.17883700027161012,1.0915201077811327,-0.36189076602310655,Numerical finite sums from exact integer counts.
35,16,0.2,0.1625,23.741080853694214,0.1815642894472543,1.0903084304048678,-0.36218464455229493,Numerical finite sums from exact integer counts.
35,16,0.2,0.165,23.748397920289204,0.18428852844851418,1.0890799829186466,-0.3624826965472181,Numerical finite sums from exact integer counts.
35,16,0.2,0.1675,23.75582389474347,0.1870096754603768,1.0878348537011058,-0.36278490502668126,Numerical finite sums from exact integer counts.
35,16,0.2,0.17,23.763358652544838,0.18972768889003858,1.0865731321393437,-0.3630912528009788,Numerical finite sums from exact integer counts.
35,16,0.2,0.17250000000000001,23.771002067521902,0.1924425273694107,1.0852949086148562,-0.3634017224740347,Numerical finite sums from exact integer counts.
35,16,0.2,0.17500000000000002,23.778754011853074,0.1951541497575853,1.084000274489368,-0.36371629644556014,Numerical finite sums from exact integer counts.
35,16,0.2,0.1775,23.786614356075706,0.19786251514327,1.0826893220905545,-0.36403495691323323,Numerical finite sums from exact integer counts.
35,16,0.2,0.18,23.79458296909534,0.20056758284718362,1.0813621446976656,-0.3643576858748981,Numerical finite sums from exact integer counts.
35,16,0.2,0.1825,23.80265971819502,0.2032693124244178,1.0800188365270351,-0.3646844651307806,Numerical finite sums from exact integer counts.
35,16,0.2,0.185,23.81084446904472,0.20596766366676117,1.0786594927175184,-0.36501527628572483,Numerical finite sums from exact integer counts.
35,16,0.2,0.1875,23.819137085710864,0.20866259660498715,1.0772842093158193,-0.36535010075144553,Numerical finite sums from exact integer counts.
35,16,0.2,0.19,23.827537430665917,0.21135407151110558,1.0758930832617375,-0.3656889197487996,Numerical finite sums from exact integer counts.
35,16,0.2,0.1925,23.83604536479809,0.2140420489005766,1.0744862123733308,-0.3660317143100731,Numerical finite sums from exact integer counts.
35,16,0.2,0.195,23.844660747421113,0.21672648953448787,1.0730636953319972,-0.3663784652812851,Numerical finite sums from exact integer counts.
35,16,0.2,0.1975,23.853383436284116,0.21940735442169404,1.071625631667484,-0.36672915332450795,Numerical finite sums from exact integer counts.
35,16,0.2,0.2,23.862213287581564,0.22208460482091916,1.0701721217428144,-0.3670837589202026,Numerical finite sums from exact integer counts.
35,16,0.2,0.2025,23.87115015596331,0.2247582022428201,1.0687032667391663,-0.3674422623695682,Numerical finite sums from exact integer counts.
35,16,0.2,0.20500000000000002,23.880193894544707,0.22742810845201408,1.0672191686406625,-0.36780464379690725,Numerical finite sums from exact integer counts.
35,16,0.2,0.20750000000000002,23.889344354916794,0.23009428546906602,1.0657199302191198,-0.3681708831520046,Numerical finite sums from exact integer counts.
35,16,0.2,0.21,23.8986013871566,0.23275669557243958,1.0642056550187278,-0.3685409602125187,Numerical finite sums from exact integer counts.
35,16,0.2,0.2125,23.90796483983747,0.23541530130040775,1.0626764473406862,-0.3689148545863878,Numerical finite sums from exact integer counts.
35,16,0.2,0.215,23.91743456003951,0.23807006545292697,1.0611324122277817,-0.3692925457142461,Numerical finite sums from exact integer counts.
35,16,0.2,0.2175,23.927010393360092,0.24072095109347186,1.059573655448931,-0.3696740128718551,Numerical finite sums from exact integer counts.
35,16,0.2,0.22,23.936692183924425,0.24336792155083045,1.0580002834836737,-0.3700592351725437,Numerical finite sums from exact integer counts.
35,16,0.2,0.2225,23.94647977439621,0.24601094042086175,1.0564124035066318,-0.3704481915696602,Numerical finite sums from exact integer counts.
35,16,0.2,0.225,23.95637300598834,0.24864997156821375,1.054810123371936,-0.37084086085903517,Numerical finite sums from exact integer counts.
35,16,0.2,0.2275,23.96637171847371,0.2512849791280035,1.053193551597619,-0.3712372216814553,Numerical finite sums from exact integer counts.
35,16,0.2,0.23,23.97647575019605,0.25391592750745656,1.0515627973499801,-0.3716372525251433,Numerical finite sums from exact integer counts.
35,16,0.2,0.2325,23.98668493808086,0.2565427813875076,1.0499179704279429,-0.37204093172825164,Numerical finite sums from exact integer counts.
35,16,0.2,0.23500000000000001,23.996999117646354,0.25916550572436414,1.048259181247368,-0.37244823748136097,Numerical finite sums from exact integer counts.
35,16,0.2,0.23750000000000002,24.00741812301455,0.261784065751027,1.0465865408253736,-0.37285914782998847,Numerical finite sums from exact integer counts.
35,16,0.2,0.24,24.01794178692233,0.2643984269787762,1.0449001607646344,-0.3732736406771038,Numerical finite sums from exact integer counts.
35,16,0.2,0.2425,24.02856994073262,0.26700855519861305,1.0432001532376747,-0.37369169378565126,Numerical finite sums from exact integer counts.
35,16,0.2,0.245,24.039302414445615,0.2696144164826666,1.0414866309711492,-0.3741132847810793,Numerical finite sums from exact integer counts.
35,16,0.2,0.2475,24.050139036710025,0.27221597718555884,1.0397597072301423,-0.3745383911538762,Numerical finite sums from exact integer counts.
35,16,0.2,0.25,24.061079634834428,0.274813203945731,1.0380194958024496,-0.3749669902621113,Numerical finite sums from exact integer counts.
35,16,0.2,0.2525,24.072124034798634,0.2774060636867309,1.0362661109828764,-0.37539905933398027,Numerical finite sums from exact integer counts.
35,16,0.2,0.255,24.083272061265117,0.27999452361846083,1.034499667557547,-0.37583457547035787,Numerical finite sums from exact integer counts.
35,16,0.2,0.2575,24.09452353759049,0.2825785512383858,1.0327202807882205,-0.3762735156473516,Numerical finite sums from exact integer counts.
35,16,0.2,0.26,24.10587828583705,0.2851581143327042,1.0309280663966327,-0.37671585671886193,Numerical finite sums from exact integer counts.
35,16,0.2,0.2625,24.117336126784316,0.287733180977477,1.0291231405488401,-0.3771615754191438,Numerical finite sums from exact integer counts.
35,16,0.2,0.265,24.128896879940683,0.2903037195397192,1.0273056198396195,-0.3776106483653724,Numerical finite sums from exact integer counts.
35,16,0.2,0.2675,24.140560363555053,0.29286969867845275,1.0254756212768603,-0.37806305206020996,Numerical finite sums from exact integer counts.
35,16,0.2,0.27,24.152326394628545,0.2954310873457195,1.0236332622660065,-0.3785187628943759,Numerical finite sums from exact integer counts.
35,16,0.2,0.2725,24.16419478892624,0.29798785478755535,1.0217786605945267,-0.3789777571492174,Numerical finite sums from exact integer counts.
35,16,0.2,0.275,24.176165360988957,0.30053997054492665,1.0199119344164238,-0.3794400109992812,Numerical finite sums from exact integer counts.
35,16,0.2,0.2775,24.188237924145067,0.3030874044546268,1.0180332022367795,-0.3799055005148855,Numerical finite sums from exact integer counts.
35,16,0.2,0.28,24.20041229052234,0.30563012665013456,1.0161425828963424,-0.38037420166469327,Numerical finite sums from exact integer counts.
35,16,0.2,0.28250000000000003,24.212688271059836,0.30816810756243374,1.0142401955561724,-0.3808460903182836,Numerical finite sums from exact integer counts.
35,16,0.2,0.28500000000000003,24.225065675519815,0.3107013179207959,1.0123261596823163,-0.38132114224872327,Numerical finite sums from exact integer counts.
35,16,0.2,0.28750000000000003,24.23754431249969,0.3132297287535228,1.0104005950305526,-0.3817993331351365,Numerical finite sums from exact integer counts.
35,16,0.2,0.29,24.250123989443995,0.31575331138865165,1.0084636216311798,-0.3822806385652734,Numerical finite sums from exact integer counts.
35,16,0.2,0.2925,24.262804512656395,0.31827203745462357,1.0065153597738696,-0.38276503403807605,Numerical finite sums from exact integer counts.
35,16,0.2,0.295,24.2755856873117,0.3207858788809113,1.0045559299925788,-0.38325249496624175,Numerical finite sums from exact integer counts.
35,16,0.2,0.2975,24.28846731746795,0.32329480789861303,1.0025854530505234,-0.38374299667878436,Numerical finite sums from exact integer counts.
35,16,0.2,0.3,24.301449206078452,0.32579879704100567,1.0006040499252222,-0.3842365144235905,Numerical finite sums from exact integer counts.
35,16,0.2,0.3025,24.314531155003905,0.32829781914406214,0.9986118417936088,-0.38473302336997384,Numerical finite sums from exact integer counts.
35,16,0.2,0.305,24.327712965024507,0.33079184734693184,0.9966089500172167,-0.3852324986112232,Numerical finite sums from exact integer counts.
35,16,0.2,0.3075,24.340994435852092,0.3332808550923827,0.9945954961274325,-0.385734915167148,Numerical finite sums from exact integer counts.
35,16,0.2,0.31,24.354375366142285,0.3357648161272093,0.9925716018108398,-0.38624024798661655,Numerical finite sums from exact integer counts.
35,16,0.2,0.3125,24.367855553506676,0.33824370450260055,0.9905373888946309,-0.3867484719500912,Numerical finite sums from exact integer counts.
35,16,0.2,0.315,24.381434794524978,0.3407174945744741,0.9884929793321069,-0.3872595618721549,Numerical finite sums from exact integer counts.
35,16,0.2,0.3175,24.39511288475726,0.34318616100377397,0.9864384951882623,-0.3877734925040344,Numerical finite sums from exact integer counts.
35,16,0.2,0.32,24.408889618756128,0.3456496787567305,0.9843740586254542,-0.3882902385361144,Numerical finite sums from exact integer counts.
35,16,0.2,0.3225,24.422764790078936,0.34810802310508804,0.9822997918891676,-0.38880977460044586,Numerical finite sums from exact integer counts.
35,16,0.2,0.325,24.436738191300037,0.35056116962629263,0.980215817293862,-0.3893320752732472,Numerical finite sums from exact integer counts.
35,16,0.2,0.3275,24.450809614022987,0.3530090942036482,0.9781222572089284,-0.3898571150773961,Numerical finite sums from exact integer counts.
35,16,0.2,0.33,24.464978848892798,0.355451773026437,0.9760192340447278,-0.39038486848491577,Numerical finite sums from exact integer counts.
35,16,0.2,0.3325,24.479245685608177,0.3578891825900032,0.9739068702387371,-0.39091530991944945,Numerical finite sums from exact integer counts.
35,16,0.2,0.335,24.49360991293376,0.360321299695805,0.9717852882417923,-0.3914484137587293,Numerical finite sums from exact integer counts.
35,16,0.2,0.3375,24.508071318712368,0.362748101451429,0.969654610504439,-0.391984154337033,Numerical finite sums from exact integer counts.
35,16,0.2,0.34,24.52262968987725,0.36516956527057476,0.9675149594633845,-0.3925225059476339,Numerical finite sums from exact integer counts.
35,16,0.2,0.3425,24.53728481246432,0.3675856688730018,0.9653664575280556,-0.39306344284523814,Numerical finite sums from exact integer counts.
35,16,0.2,0.34500000000000003,24.552036471624408,0.36999639028444536,0.963209227067274,-0.3936069392484138,Numerical finite sums from exact integer counts.
35,16,0.2,0.34750000000000003,24.566884451635485,0.372401707836498,0.96104339039603,-0.3941529693420079,Numerical finite sums from exact integer counts.
35,16,0.2,0.35000000000000003,24.581828535914898,0.3748016001664591,0.958869069762383,-0.3947015072795542,Numerical finite sums from exact integer counts.
35,16,0.2,0.3525,24.59686850703161,0.3771960462171505,0.9566863873344622,-0.3952525271856675,Numerical finite sums from exact integer counts.
35,16,0.2,0.355,24.612004146718384,0.3795850252367018,0.9544954651875964,-0.39580600315842857,Numerical finite sums from exact integer counts.
35,16,0.2,0.3575,24.627235235884037,0.3819685167783009,0.9522964252915556,-0.39636190927175485,Numerical finite sums from exact integer counts.
35,16,0.2,0.36,24.64256155462558,0.3843465006999152,0.9500893894979114,-0.3969202195777619,Numerical finite sums from exact integer counts.
35,16,0.2,0.3625,24.65798288224046,0.3867189571639804,0.947874479527523,-0.3974809081091094,Numerical finite sums from exact integer counts.
35,16,0.2,0.365,24.673498997238685,0.38908586663705796,0.9456518169581397,-0.3980439488813358,Numerical finite sums from exact integer counts.
35,16,0.2,0.3675,24.689109677355013,0.39144720988946197,0.9434215232121389,-0.3986093158951805,Numerical finite sums from exact integer counts.
35,16,0.2,0.37,24.70481469956108,0.3938029679948556,0.941183719544373,-0.399176983138891,Numerical finite sums from exact integer counts.
35,16,0.2,0.3725,24.72061384007753,0.39615312232981714,0.9389385270301605,-0.399746924590517,Numerical finite sums from exact integer counts.
35,16,0.2,0.375,24.736506874386112,0.39849765457337655,0.9366860665533945,-0.40031911422019184,Numerical finite sums from exact integer counts.
35,16,0.2,0.3775,24.752493577241793,0.4008365467065218,0.9344264587947854,-0.40089352599239786,Numerical finite sums from exact integer counts.
35,16,0.2,0.38,24.768573722684796,0.40316978101167683,0.9321598242202345,-0.40147013386821817,Numerical finite sums from exact integer counts.
35,16,0.2,0.3825,24.784747084052665,0.4054973400721493,0.9298862830693355,-0.4020489118075736,Numerical finite sums from exact integer counts.
35,16,0.2,0.385,24.801013433992285,0.4078192067715518,0.927605955344018,-0.4026298337714445,Numerical finite sums from exact integer counts.
35,16,0.2,0.3875,24.817372544471887,0.41013536429319225,0.9253189607973127,-0.403212873724078,Numerical finite sums from exact integer counts.
35,16,0.2,0.39,24.833824186793002,0.4124457961194389,0.9230254189222681,-0.4037980056351784,Numerical finite sums from exact integer counts.
35,16,0.2,0.3925,24.850368131602448,0.4147504860310562,0.9207254489409873,-0.40438520348208323,Numerical finite sums from exact integer counts.
35,16,0.2,0.395,24.867004148904208,0.41704941810651364,0.9184191697938131,-0.4049744412519226,Numerical finite sums from exact integer counts.
35,16,0.2,0.3975,24.88373200807136,0.4193425767212685,0.9161067001286465,-0.4055656929437621,Numerical finite sums from exact integer counts.
35,16,0.2,0.4,24.900551477857924,0.42162994654702135,0.9137881582904076,-0.40615893257073094,Numerical finite sums from exact integer counts.
35,16,0.64,0.0,34.01115151028344,2.775543942910466e-17,7.935267623613483,-1.1884341355606738,Numerical finite sums from exact integer counts.
35,16,0.64,0.0025,34.011548233044266,0.01983410739081623,7.930394504089001,-1.1884866228889723,Numerical finite sums from exact integer counts.
35,16,0.64,0.005,34.01273791423518,0.03964387122030538,7.915801578759972,-1.1886439204006283,Numerical finite sums from exact integer counts.
35,16,0.64,0.0075,34.014719095222304,0.05940507983605224,7.891567838792854,-1.1889055360406837,Numerical finite sums from exact integer counts.
35,16,0.64,0.01,34.017489353720855,0.07909378386578561,7.85782391376014,-1.189270654245467,Numerical finite sums from exact integer counts.
35,16,0.64,0.0125,34.02104531684549,0.0986864235440319,7.814750559539496,-1.1897381426605613,Numerical finite sums from exact integer counts.
35,16,0.64,0.015,34.025382679168594,0.11815995154785844,7.762576583613463,-1.190306561400007,Numerical finite sums from exact integer counts.
35,16,0.64,0.0175,34.03049622557939,0.1374919499839742,7.701576248471858,-1.1909741747051608,Numerical finite sums from exact integer counts.
35,16,0.64,0.02,34.036379858684555,0.1566607402833627,7.63206620332372,-1.1917389648271854,Numerical finite sums from exact integer counts.
35,16,0.64,0.0225,34.04302663044412,0.17564548489553264,7.554402002362322,-1.1925986479270172,Numerical finite sums from exact integer counts.
35,16,0.64,0.025,34.050428777694954,0.19442627982836813,7.468974274198635,-1.1935506917612728,Numerical finite sums from exact integer counts.
35,16,0.64,0.0275,34.05857776117931,0.2129842372472562,7.376204611655997,-1.1945923349026093,Numerical finite sums from exact integer counts.
35,16,0.64,0.03,34.06746430766812,0.23130155752389672,7.276541253840804,-1.1957206072286002,Numerical finite sums from exact integer counts.
35,16,0.64,0.0325,34.077078454747756,0.24936159030648436,7.170454633277645,-1.1969323514045065,Numerical finite sums from exact integer counts.
35,16,0.64,0.035,34.08740959782563,0.26714888436414985,7.058432859994461,-1.1982242450822587,Numerical finite sums from exact integer counts.
35,16,0.64,0.0375,34.09844653890359,0.28464922613538374,6.9409772118924025,-1.1995928235403235,Numerical finite sums from exact integer counts.
35,16,0.64,0.04,34.11017753666868,0.3018496670787902,6.8185976967128505,-1.2010345024965297,Numerical finite sums from exact integer counts.
35,16,0.64,0.0425,34.12259035745802,0.31873854008140495,6.6918087456355835,-1.2025456008378983,Numerical finite sums from exact integer counts.
35,16,0.64,0.045,34.13567232666759,0.33530546532223676,6.561125092246876,-1.204122363027479,Numerical finite sums from exact integer counts.
35,16,0.64,0.0475,34.149410380193096,0.35154134611434973,6.427057883559585,-1.2057609809674672,Numerical finite sums from exact integer counts.
35,16,0.64,0.05,34.1637911155146,0.36743835535610925,6.290111062206562,-1.2074576151198135,Numerical finite sums from exact integer counts.
35,16,0.64,0.0525,34.17880084206304,0.3829899133103185,6.150778051113711,-1.2092084147093982,Numerical finite sums from exact integer counts.
35,16,0.64,0.055,34.19442563053772,0.39819065749838967,6.009538764125083,-1.2110095368599691,Numerical finite sums from exact integer counts.
35,16,0.64,0.0575,34.21065136087553,0.41303640554578136,5.8668569584091586,-1.2128571645387352,Numerical finite sums from exact integer counts.
35,16,0.64,0.06,34.227463768607564,0.42752411184532235,5.723177937206415,-1.2147475232112033,Numerical finite sums from exact integer counts.
35,16,0.64,0.0625,34.24484848937325,0.44165181891788297,5.57892660473334,-1.2166768961329397,Numerical finite sums from exact integer counts.
35,16,0.64,0.065,34.26279110139741,0.45541860434662107,5.434505868954432,-1.2186416382290093,Numerical finite sums from exact integer counts.
35,16,0.64,0.0675,34.281277165770646,0.4688245241434386,5.290295382554634,-1.2206381885344533,Numerical finite sums from exact integer counts.
35,16,0.64,0.07,34.30029226440675,0.48187055337617646,5.146650607841726,-1.222663081190033,Numerical finite sums from exact integer counts.
35,16,0.64,0.0725,34.31982203558376,0.4945585248444937,5.003902187502814,-1.224712955006315,Numerical finite sums from exact integer counts.
35,16,0.64,0.075,34.339852207005336,0.5068910665432518,4.862355600127028,-1.2267845616259088,Numerical finite sums from exact integer counts.
35,16,0.64,0.0775,34.36036862634792,0.5188715385965452,4.7222910771606275,-1.228874772328127,Numerical finite sums from exact integer counts.
35,16,0.64,0.08,34.38135728928522,0.5305039702851244,4.583963756436427,-1.2309805835325685,Numerical finite sums from exact integer counts.
35,16,0.64,0.0825,34.402804365005,0.5417929977266234,4.447604046557063,-1.2330991210681344,Numerical finite sums from exact integer counts.
35,16,0.64,0.085,34.42469621925456,0.5527438027032299,4.313418176143017,-1.2352276432818348,Numerical finite sums from exact integer counts.
35,16,0.64,0.08750000000000001,34.44701943496946,0.5633620530666874,4.181588902206004,-1.2373635430676018,Numerical finite sums from exact integer counts.
35,16,0.64,0.09,34.469760830556325,0.5736538450869513,4.052276352598537,-1.239504348899298,Numerical finite sums from exact integer counts.
35,16,0.64,0.0925,34.49290747591352,0.5836256480494336,3.9256189785439988,-1.2416477249543725,Numerical finite sums from exact integer counts.
35,16,0.64,0.095,34.51644670628495,0.5932842513474224,3.8017345945928587,-1.243791470415398,Numerical finite sums from exact integer counts.
35,16,0.64,0.0975,34.5403661340508,0.6026367142615265,3.6807214849089,-1.2459335180361317,Numerical finite sums from exact integer counts.
35,16,0.64,0.1,34.56465365856547,0.6116903185673668,3.5626595565002352,-1.248071932057056,Numerical finite sums from exact integer counts.
35,16,0.64,0.10250000000000001,34.589297474158236,0.6204525240665257,3.4476115218138643,-1.25020490555268,Numerical finite sums from exact integer counts.
35,16,0.64,0.105,34.61428607641442,0.6289309270940988,3.335624094959872,-1.252330757289461,Numerical finite sums from exact integer counts.
35,16,0.64,0.1075,34.639608266856776,0.6371332220191909,3.2267291876770754,-1.2544479281691576,Numerical finite sums from exact integer counts.
35,16,0.64,0.11,34.66525315614652,0.6450671657222345,3.1209450929603886,-1.2565549773279232,Numerical finite sums from exact integer counts.
35,16,0.64,0.1125,34.69121016592234,0.6527405450050103,3.0182776460117258,-1.2586505779566428,Numerical finite sums from exact integer counts.
35,16,0.64,0.115,34.71746902939332,0.6601611468654813,2.9187213538277215,-1.2607335129029653,Numerical finite sums from exact integer counts.
35,16,0.64,0.11750000000000001,34.74401979079872,0.6673367315498047,2.8222604862824996,-1.2628026701104347,Numerical finite sums from exact integer counts.
35,16,0.64,0.12,34.77085280384368,0.6742750082778222,2.7288701229901235,-1.2648570379449553,Numerical finite sums from exact integer counts.
35,16,0.64,0.1225,34.79795872921556,0.6809836135257068,2.638517151532123,-1.2668957004538488,Numerical finite sums from exact integer counts.
35,16,0.64,0.125,34.82532853128052,0.6874700917398949,2.551161213808137,-1.2689178325978507,Numerical finite sums from exact integer counts.
35,16,0.64,0.1275,34.85295347405518,0.6937418783496546,2.4667555983114315,-1.2709226954917074,Numerical finite sums from exact integer counts.
35,16,0.64,0.13,34.88082511654242,0.6998062849413356,2.3852480770496287,-1.2729096316845767,Numerical finite sums from exact integer counts.
35,16,0.64,0.1325,34.90893530751512,0.7056704864551426,2.306581686628713,-1.2748780605072125,Numerical finite sums from exact integer counts.
35,16,0.64,0.135,34.93727617982586,0.7113415102649734,2.230695453701901,-1.2768274735090195,Numerical finite sums from exact integer counts.
35,16,0.64,0.1375,34.96584014431513,0.7168262270030903,2.157525065561983,-1.2787574300043902,Numerical finite sums from exact integer counts.
35,16,0.64,0.14,34.994619883385276,0.7221313429939703,2.0870034871342327,-1.2806675527444251,Numerical finite sums from exact integer counts.
35,16,0.64,0.14250000000000002,35.02360834430162,0.7272633941653137,2.0190615260161424,-1.2825575237270632,Numerical finite sums from exact integer counts.
35,16,0.64,0.145,35.05279873227759,0.7322287413087245,1.9536283475182543,-1.2844270801559123,Numerical finite sums from exact integer counts.
35,16,0.64,0.1475,35.082184503395055,0.737033566567751,1.8906319418966213,-1.2862760105555657,Numerical finite sums from exact integer counts.
35,16,0.64,0.15,35.11175935740694,0.7416838710366965,1.8299995461398328,-1.2881041510489952,Numerical finite sums from exact integer counts.
35,16,0.64,0.1525,35.14151723046406,0.7461854733596656,1.7716580227905492,-1.2899113818006394,Numerical finite sums from exact integer counts.
35,16,0.64,0.155,35.17145228780417,0.7505440092256088,1.7155341983505288,-1.2916976236270998,Numerical finite sums from exact integer counts.
35,16,0.64,0.1575,35.20155891643715,0.7547649316615392,1.6615551638462644,-1.293462834775836,Numerical finite sums from exact integer counts.
35,16,0.64,0.16,35.23183171785628,0.7588535120325492,1.609648540125968,-1.2952070078709883,Numerical finite sums from exact integer counts.
35,16,0.64,0.1625,35.2622655008023,0.7628148416636285,1.5597427104239565,-1.29693016702433,Numerical finite sums from exact integer counts.
35,16,0.64,0.165,35.2928552741034,0.766653834004565,1.5117670226701283,-1.2986323651084306,Numerical finite sums from exact integer counts.
35,16,0.64,0.1675,35.32359623961148,0.770375227265314,1.4656519639457037,-1.3003136811883431,Numerical finite sums from exact integer counts.
35,16,0.64,0.17,35.354483785252064,0.7739835874551009,1.421329309395042,-1.3019742181074778,Numerical finite sums from exact integer counts.
35,16,0.64,0.17250000000000001,35.385513478202895,0.7774833117641902,1.3787322478014519,-1.3036141002228492,Numerical finite sums from exact integer counts.
35,16,0.64,0.17500000000000002,35.41668105821367,0.7808786322326188,1.33779548592513,-1.305233471284446,Numerical finite sums from exact integer counts.
35,16,0.64,0.1775,35.44798243107741,0.7841736196553026,1.2984553335866766,-1.3068324924532226,Numerical finite sums from exact integer counts.
35,16,0.64,0.18,35.479413662262054,0.7873721876777445,1.2606497713620646,-1.3084113404519664,Numerical finite sums from exact integer counts.
35,16,0.64,0.1825,35.51097097070887,0.7904780970410749,1.2243185026367256,-1.3099702058431917,Numerical finite sums from exact integer counts.
35,16,0.64,0.185,35.54265072280319,0.7934949599393838,1.1894029916486173,-1.3115092914281106,Numerical finite sums from exact integer counts.
35,16,0.64,0.1875,35.57444942652099,0.7964262444562406,1.1558464890347226,-1.31302881076076,Numerical finite sums from exact integer counts.
35,16,0.64,0.19,35.60636372575411,0.7992752790509281,1.1235940462826481,-1.3145289867713685,Numerical finite sums from exact integer counts.
35,16,0.64,0.1925,35.63839039481541,0.8020452570682945,1.0925925203803,-1.316010050493134,Numerical finite sums from exact integer counts.
35,16,0.64,0.195,35.670526333124464,0.8047392412492294,1.0627905698522606,-1.3174722398867031,Numerical finite sums from exact integer counts.
35,16,0.64,0.1975,35.7027685600733,0.807360168221604,1.0341386432719073,-1.318915798756765,Numerical finite sums from exact integer counts.
35,16,0.64,0.2,35.73511421007111,0.8099108529541338,1.0065889612440544,-1.3203409757553424,Numerical finite sums from exact integer counts.
35,16,0.64,0.2025,35.7675605277661,0.8123939931579907,0.9800954927637494,-1.3217480234665395,Numerical finite sums from exact integer counts.
35,16,0.64,0.20500000000000002,35.800104863442186,0.8148121736231426,0.9546139267733738,-1.3231371975676867,Numerical finite sums from exact integer counts.
35,16,0.64,0.20750000000000002,35.83274466858759,0.8171678704783705,0.9301016396618078,-1.3245087560620359,Numerical finite sums from exact integer counts.
35,16,0.64,0.21,35.86547749163217,0.8194634553656641,0.9065176593766762,-1.3258629585783517,Numerical finite sums from exact integer counts.
35,16,0.64,0.2125,35.898300973849935,0.8217011995213003,0.8838226267528677,-1.3272000657329652,Numerical finite sums from exact integer counts.
35,16,0.64,0.215,35.93121284542274,0.8238832777573344,0.861978754597973,-1.3285203385500584,Numerical finite sums from exact integer counts.
35,16,0.64,0.2175,35.96421092166124,0.8260117723385075,0.8409497850174215,-1.329824037936164,Numerical finite sums from exact integer counts.
35,16,0.64,0.22,35.99729309937873,0.82808867675072,0.8207009454089836,-1.331111424205074,Numerical finite sums from exact integer counts.
35,16,0.64,0.2225,36.03045735341349,0.83011589935823,0.8011989035074827,-1.3323827566495452,Numerical finite sums from exact integer counts.
35,16,0.64,0.225,36.063701733295204,0.8320952669476299,0.7824117218160327,-1.3336382931564073,Numerical finite sums from exact integer counts.
35,16,0.64,0.2275,36.097024360050824,0.8340285281574471,0.7643088117193391,-1.3348782898618585,Numerical finite sums from exact integer counts.
35,16,0.64,0.23,36.13042342314531,0.8359173567929031,0.746860887537669,-1.3361030008439307,Numerical finite sums from exact integer counts.
35,16,0.64,0.2325,36.163897177552684,0.8377633550259702,0.7300399207464093,-1.3373126778492797,Numerical finite sums from exact integer counts.
35,16,0.64,0.23500000000000001,36.19744394095282,0.8395680564813921,0.7138190945557851,-1.3385075700516529,Numerical finite sums from exact integer counts.
35,16,0.64,0.23750000000000002,36.23106209104937,0.8413329292097784,0.6981727590177916,-1.3396879238395227,Numerical finite sums from exact integer counts.
35,16,0.64,0.24,36.26475006300439,0.8430593785492755,0.6830763868027147,-1.340853982630557,Numerical finite sums from exact integer counts.
35,16,0.64,0.2425,36.2985063469853,0.8447487498776474,0.6685065297653275,-1.3420059867107463,Numerical finite sums from exact integer counts.
35,16,0.64,0.245,36.33232948581962,0.8464023312568589,0.6544407764010329,-1.343144173096154,Numerical finite sums from exact integer counts.
35,16,0.64,0.2475,36.36621807275358,0.848021355972506,0.6408577102743452,-1.3442687754153817,Numerical finite sums from exact integer counts.
35,16,0.64,0.25,36.40017074931008,0.8496070049705979,0.6277368694863643,-1.3453800238109894,Numerical finite sums from exact integer counts.
35,16,0.64,0.2525,36.434186203242135,0.8511604091943661,0.6150587072337463,-1.346478144858224,Numerical finite sums from exact integer counts.
35,16,0.64,0.255,36.46826316657797,0.8526826518238791,0.6028045534992735,-1.3475633614995304,Numerical finite sums from exact integer counts.
35,16,0.64,0.2575,36.50240041375364,0.8541747704213244,0.5909565779031366,-1.3486358929934208,Numerical finite sums from exact integer counts.
35,16,0.64,0.26,36.536596759829706,0.8556377589848967,0.5794977537343695,-1.3496959548763954,Numerical finite sums from exact integer counts.
35,16,0.64,0.2625,36.57085105878829,0.8570725699142481,0.5684118231734749,-1.3507437589366926,Numerical finite sums from exact integer counts.
35,16,0.64,0.265,36.60516220190699,0.8584801158904899,0.5576832637098518,-1.351779513198741,Numerical finite sums from exact integer counts.
35,16,0.64,0.2675,36.639529116206376,0.8598612716737299,0.5472972557513528,-1.3528034219172729,Numerical finite sums from exact integer counts.
35,16,0.64,0.27,36.67395076296776,0.8612168758211134,0.5372396514177029,-1.353815685580137,Numerical finite sums from exact integer counts.
35,16,0.64,0.2725,36.70842613631819,0.8625477323283179,0.5274969445049047,-1.3548165009189286,Numerical finite sums from exact integer counts.
35,16,0.64,0.275,36.74295426187952,0.8638546121974006,0.5180562416036755,-1.3558060609266036,Numerical finite sums from exact integer counts.
35,16,0.64,0.2775,36.77753419547891,0.8651382549338693,0.5089052343516733,-1.356784554881348,Numerical finite sums from exact integer counts.
35,16,0.64,0.28,36.81216502191772,0.8663993699757744,0.5000321727964117,-1.3577521683759841,Numerical finite sums from exact integer counts.
35,16,0.64,0.28250000000000003,36.84684585379634,0.8676386380575689,0.4914258398435247,-1.358709083352302,Numerical finite sums from exact integer counts.
35,16,0.64,0.28500000000000003,36.881575830392244,0.8688567125114193,0.4830755267631328,-1.3596554781397059,Numerical finite sums from exact integer counts.
35,16,0.64,0.28750000000000003,36.91635411658893,0.870054220508578,0.47497100972567086,-1.3605915274976754,Numerical finite sums from exact integer counts.
35,16,0.64,0.29,36.95117990185336,0.8712317642433435,0.46710252733735863,-1.3615174026615104,Numerical finite sums from exact integer counts.
35,16,0.64,0.2925,36.986052399259634,0.8723899220620868,0.4594607591447583,-1.36243327139095,Numerical finite sums from exact integer counts.
35,16,0.64,0.295,37.02097084455678,0.8735292495397101,0.4520368050772597,-1.36333929802123,Numerical finite sums from exact integer counts.
35,16,0.64,0.2975,37.05593449527856,0.8746502805058549,0.4448221657960879,-1.3642356435162162,Numerical finite sums from exact integer counts.
35,16,0.64,0.3,37.090942629893405,0.875753528023084,0.4378087239182604,-1.3651224655232777,Numerical finite sums from exact integer counts.
35,16,0.64,0.3025,37.12599454699254,0.8768394853191822,0.43098872608406147,-1.3659999184295821,Numerical finite sums from exact integer counts.
35,16,0.64,0.305,37.161089564514455,0.8779086266756466,0.42435476583674037,-1.366868153419531,Numerical finite sums from exact integer counts.
35,16,0.64,0.3075,37.19622701900417,0.878961408274364,0.4178997672835706,-1.3677273185331007,Numerical finite sums from exact integer counts.
35,16,0.64,0.31,37.231406264905495,0.8799982690043784,0.4116169695077804,-1.3685775587248252,Numerical finite sums from exact integer counts.
35,16,0.64,0.3125,37.26662667388482,0.881019631230604,0.40549991170148003,-1.3694190159232469,Numerical finite sums from exact integer counts.
35,16,0.64,0.315,37.30188763418491,0.8820259015262335,0.3995424189902802,-1.3702518290906227,Numerical finite sums from exact integer counts.
35,16,0.64,0.3175,37.33718855000731,0.8830174713705493,0.39373858892100155,-1.3710761342827333,Numerical finite sums from exact integer counts.
35,16,0.64,0.32,37.372528840922,0.8839947178137488,0.38808277858460893,-1.3718920647086323,Numerical finite sums from exact integer counts.
35,16,0.64,0.3225,37.40790794130299,0.8849580041103461,0.38256959234724996,-1.3726997507902123,Numerical finite sums from exact integer counts.
35,16,0.64,0.325,37.44332529978864,0.8859076803226297,0.3771938701631048,-1.3734993202214534,Numerical finite sums from exact integer counts.
35,16,0.64,0.3275,37.478780378765634,0.8868440838956096,0.3719506764435413,-1.3742908980272603,Numerical finite sums from exact integer counts.
35,16,0.64,0.33,37.51427265387524,0.8877675402048004,0.36683528945793953,-1.3750746066217874,Numerical finite sums from exact integer counts.
35,16,0.64,0.3325,37.54980161354111,0.8886783630781493,0.3618431912423403,-1.3758505658661637,Numerical finite sums from exact integer counts.
35,16,0.64,0.335,37.58536675851742,0.8895768552933458,0.3569700579929713,-1.376618893125555,Numerical finite sums from exact integer counts.
35,16,0.64,0.3375,37.62096760145633,0.8904633090517006,0.3522117509224931,-1.377379703325491,Numerical finite sums from exact integer counts.
35,16,0.64,0.34,37.65660366649412,0.8913380064297135,0.34756430755766854,-1.378133109007402,Numerical finite sums from exact integer counts.
35,16,0.64,0.3425,37.69227448885485,0.8922012198094287,0.3430239334579759,-1.3788792203833313,Numerical finite sums from exact integer counts.
35,16,0.64,0.34500000000000003,37.72797961447082,0.8930532122885787,0.3385869943354954,-1.3796181453897576,Numerical finite sums from exact integer counts.
35,16,0.64,0.34750000000000003,37.76371859961911,0.8938942380715185,0.3342500085571847,-1.38034998974052,Numerical finite sums from exact integer counts.
35,16,0.64,0.35000000000000003,37.799491010573334,0.8947245428418722,0.3300096400114601,-1.3810748569788025,Numerical finite sums from exact integer counts.
35,16,0.64,0.3525,37.83529642327001,0.8955443641177822,0.3258626913217261,-1.3817928485281583,Numerical finite sums from exact integer counts.
35,16,0.64,0.355,37.87113442298872,0.89635393159061,0.32180609739027266,-1.382504063742559,Numerical finite sums from exact integer counts.
35,16,0.64,0.3575,37.90700460404558,0.8971534674478916,0.3178369192566393,-1.3832085999554522,Numerical finite sums from exact integer counts.
35,16,0.64,0.36,37.9429065694993,0.8979431866813175,0.3139523382552829,-1.3839065525278165,Numerical finite sums from exact integer counts.
35,16,0.64,0.3625,37.97883993086924,0.898723297380465,0.31014965045801357,-1.3845980148952168,Numerical finite sums from exact integer counts.
35,16,0.64,0.365,38.014804307865006,0.8994940010129797,0.3064262613873697,-1.3852830786138481,Numerical finite sums from exact integer counts.
35,16,0.64,0.3675,38.05079932812694,0.9002554926918608,0.30277968098767344,-1.3859618334055643,Numerical finite sums from exact integer counts.
35,16,0.64,0.37,38.086824626977084,0.9010079614304882,0.29920751884117414,-1.3866343672019124,Numerical finite sums from exact integer counts.
35,16,0.64,0.3725,38.1228798471801,0.9017515903859817,0.2957074796172168,-1.387300766187156,Numerical finite sums from exact integer counts.
35,16,0.64,0.375,38.1589646387137,0.9024865570914606,0.29227735874297944,-1.3879611148403086,Numerical finite sums from exact integer counts.
35,16,0.64,0.3775,38.19507865854814,0.9032130336777465,0.2889150382848329,-1.3886154959761787,Numerical finite sums from exact integer counts.
35,16,0.64,0.38,38.231221570434414,0.9039311870850267,0.28561848302990844,-1.3892639907854472,Numerical finite sums from exact integer counts.
35,16,0.64,0.3825,38.267393044700704,0.9046411792649532,0.28238573675795675,-1.3899066788737642,Numerical finite sums from exact integer counts.
35,16,0.64,0.385,38.30359275805671,0.9053431673736552,0.2792149186940479,-1.3905436382999117,Numerical finite sums from exact integer counts.
35,16,0.64,0.3875,38.339820393405546,0.9060373039560972,0.2761042201331318,-1.3911749456130178,Numerical finite sums from exact integer counts.
35,16,0.64,0.39,38.37607563966287,0.9067237371222066,0.2730519012278973,-1.3918006758888515,Numerical finite sums from exact integer counts.
35,16,0.64,0.3925,38.41235819158284,0.9074026107151645,0.27005628793181036,-1.3924209027652075,Numerical finite sums from exact integer counts.
35,16,0.64,0.395,38.4486677495907,0.9080740644722406,0.26711576908957535,-1.3930356984764034,Numerical finite sums from exact integer counts.
35,16,0.64,0.3975,38.485004019621634,0.908738234178533,0.26422879366768515,-1.3936451338868987,Numerical finite sums from exact integer counts.
35,16,0.64,0.4,38.521366712965666,0.9093952518139462,0.261393868118053,-1.3942492785240481,Numerical finite sums from exact integer counts.
35,16,1.0,0.0,49.783067424534664,5.551115123125783e-17,14.440813573404863,-1.4583529378770677,Numerical finite sums from exact integer counts.
35,16,1.0,0.0025,49.78378929447219,0.036084963073856335,14.42033635063564,-1.458362156094695,Numerical finite sums from exact integer counts.
35,16,1.0,0.005,49.78595285851143,0.0720677348481269,14.359138270280301,-1.4583897525578107,Numerical finite sums from exact integer counts.
35,16,1.0,0.0075,49.78955200264398,0.1078472872508694,14.257914449493992,-1.458435553695584,Numerical finite sums from exact integer counts.
35,16,1.0,0.01,49.7945766139986,0.1433248906267277,14.11780482778763,-1.4584992735194038,Numerical finite sums from exact integer counts.
35,16,1.0,0.0125,49.801012694609014,0.17840519400248106,13.940367085169607,-1.4585805184563372,Numerical finite sums from exact integer counts.
35,16,1.0,0.015,49.808842516878286,0.21299722578053426,13.72754027965474,-1.458678793900356,Numerical finite sums from exact integer counts.
35,16,1.0,0.0175,49.81804481711551,0.24701529339171208,13.481600640875598,-1.4587935122788922,Numerical finite sums from exact integer counts.
35,16,1.0,0.02,49.828595022738405,0.28037976437092293,13.205111213475536,-1.4589240023920986,Numerical finite sums from exact integer counts.
35,16,1.0,0.0225,49.84046550812146,0.3130177157745185,12.900867204049245,-1.4590695197535184,Numerical finite sums from exact integer counts.
35,16,1.0,0.025,49.85362587364059,0.34486344358773185,12.571838944833857,-1.459229257644469,Numerical finite sums from exact integer counts.
35,16,1.0,0.0275,49.86804324222601,0.37585882852594804,12.221114349785536,-1.4594023585902631,Numerical finite sums from exact integer counts.
35,16,1.0,0.03,49.88368256768387,0.4059535591838712,11.851842614257915,-1.4595879259738282,Numerical finite sums from exact integer counts.
35,16,1.0,0.0325,49.90050694916939,0.4351052176326432,11.467180713448599,-1.4597850355198638,Numerical finite sums from exact integer counts.
35,16,1.0,0.035,49.91847794647229,0.46327923615046973,11.070244005598333,-1.459992746408759,Numerical finite sums from exact integer counts.
35,16,1.0,0.0375,49.9375558911834,0.49044873668912486,10.664061963539512,-1.4602101118118926,Numerical finite sums from exact integer counts.
35,16,1.0,0.04,49.95770018932172,0.516594266868531,10.251539762201872,-1.4604361886765418,Numerical finite sums from exact integer counts.
35,16,1.0,0.0425,49.978869611584095,0.5417034477434242,9.835426157909868,-1.4606700466272888,Numerical finite sums from exact integer counts.
35,16,1.0,0.045,50.00102256800706,0.5657705493296037,9.418287822710871,-1.460910775889543,Numerical finite sums from exact integer counts.
35,16,1.0,0.0475,50.02411736447338,0.5887960099755524,9.002490055004706,-1.4611574941779635,Numerical finite sums from exact integer counts.
35,16,1.0,0.05,50.048112439132154,0.6107859152053354,8.590183584102935,-1.4614093525267544,Numerical finite sums from exact integer counts.
35,16,1.0,0.0525,50.072966577409076,0.6317514507421351,8.183297025108939,-1.4616655400690968,Numerical finite sums from exact integer counts.
35,16,1.0,0.055,50.09863910484774,0.6517083431563747,7.783534422512076,-1.461925287798683,Numerical finite sums from exact integer counts.
35,16,1.0,0.0575,50.12509005753102,0.6706763000743682,7.392377244308327,-1.4621878713672025,Numerical finite sums from exact integer counts.
35,16,1.0,0.06,50.1522803302762,0.6886784602318284,7.011090149466826,-1.4624526129875925,Numerical finite sums from exact integer counts.
35,16,1.0,0.0625,50.18017180317494,0.7057408619493006,6.640729844988885,-1.4627188825242126,Numerical finite sums from exact integer counts.
35,16,1.0,0.065,50.208727447358314,0.7218919369172563,6.282156368775608,-1.462986097858166,Numerical finite sums from exact integer counts.
35,16,1.0,0.0675,50.23791141110981,0.7371620345660085,5.936046174961492,-1.4632537246193145,Numerical finite sums from exact integer counts.
35,16,1.0,0.07,50.267689087630345,0.7515829808036496,5.602906453441008,-1.463521275376633,Numerical finite sums from exact integer counts.
35,16,1.0,0.0725,50.298027165882814,0.7651876735635725,5.283090179699373,-1.4637883083760916,Numerical finite sums from exact integer counts.
35,16,1.0,0.075,50.328893666017684,0.778009716429209,4.976811460156506,-1.4640544259107575,Numerical finite sums from exact integer counts.
35,16,1.0,0.0775,50.36025796091105,0.7900830906043478,4.684160808251374,-1.4643192724018428,Numerical finite sums from exact integer counts.
35,16,1.0,0.08,50.392090785340336,0.8014418646710916,4.405120054465461,-1.4645825322624728,Numerical finite sums from exact integer counts.
35,16,1.0,0.0825,50.424364234286685,0.8121199409162304,4.139576657225244,-1.4648439276084044,Numerical finite sums from exact integer counts.
35,16,1.0,0.085,50.457051751793614,0.8221508364980322,3.8873372396526022,-1.4651032158722235,Numerical finite sums from exact integer counts.
35,16,1.0,0.08750000000000001,50.49012811173473,0.8315674973535817,3.6481402285748783,-1.4653601873698008,Numerical finite sums from exact integer counts.
35,16,1.0,0.09,50.5235693917536,0.8404021424948792,3.4216675166818176,-1.465614662860446,Numerical finite sums from exact integer counts.
35,16,1.0,0.0925,50.55735294154171,0.8486861361924869,3.207555106227239,-1.4658664911351722,Numerical finite sums from exact integer counts.
35,16,1.0,0.095,50.59145734651883,0.8564498854813432,3.0054027235120726,-1.4661155466611024,Numerical finite sums from exact integer counts.
35,16,1.0,0.0975,50.62586238787725,0.8637227604285402,2.8147824180372822,-1.4663617273041907,Numerical finite sums from exact integer counts.
35,16,1.0,0.1,50.66054899985023,0.8705330346625204,2.635246179291734,-1.4666049521472808,Numerical finite sums from exact integer counts.
35,16,1.0,0.10250000000000001,50.69549922496656,0.876907843764193,2.4663326183139187,-1.4668451594159617,Numerical finite sums from exact integer counts.
35,16,1.0,0.105,50.73069616796005,0.8828731592516132,2.307572771125672,-1.4670823045207686,Numerical finite sums from exact integer counts.
35,16,1.0,0.1075,50.76612394891462,0.8884537760412818,2.1584950875532005,-1.467316358220939,Numerical finite sums from exact integer counts.
35,16,1.0,0.11,50.80176765614464,0.89367331143284,2.0186296724557025,-1.4675473049121486,Numerical finite sums from exact integer counts.
35,16,1.0,0.1125,50.837613299235066,0.8985542138333902,1.8875118475476909,-1.4677751410383792,Numerical finite sums from exact integer counts.
35,16,1.0,0.115,50.87364776259815,0.9031177796076099,1.7646851013390354,-1.4679998736261601,Numerical finite sums from exact integer counts.
35,16,1.0,0.11750000000000001,50.90985875984227,0.9073841766063554,1.649703492668181,-1.4682215189380576,Numerical finite sums from exact integer counts.
35,16,1.0,0.12,50.94623478919387,0.9113724730864874,1.5421335702467862,-1.4684401012410864,Numerical finite sums from exact integer counts.
35,16,1.0,0.1225,50.982765090164676,0.915100670886093,1.4415558668825192,-1.4686556516849392,Numerical finite sums from exact integer counts.
35,16,1.0,0.125,51.01943960161436,0.9185857418608283,1.3475660228577628,-1.4688682072843469,Numerical finite sums from exact integer counts.
35,16,1.0,0.1275,51.056248921321206,0.9218436667177557,1.259775588522568,-1.4690778099994874,Numerical finite sums from exact integer counts.
35,16,1.0,0.13,51.093184267141574,0.9248894755026185,1.1778125516716695,-1.4692845059081927,Numerical finite sums from exact integer counts.
35,16,1.0,0.1325,51.130237439811054,0.9277372891048448,1.1013216308413687,-1.469488344463622,Numerical finite sums from exact integer counts.
35,16,1.0,0.135,51.167400787417144,0.9304003612420029,1.0299643713738922,-1.4696893778311175,Numerical finite sums from exact integer counts.
35,16,1.0,0.1375,51.20466717155318,0.9328911204724322,0.9634190770193143,-1.4698876602981161,Numerical finite sums from exact integer counts.
35,16,1.0,0.14,51.24202993514701,0.9352212118618176,0.9013806060213312,-1.4700832477511454,Numerical finite sums from exact integer counts.
35,16,1.0,0.14250000000000002,51.27948287194418,0.9374015379974094,0.8435600570890264,-1.4702761972142468,Numerical finite sums from exact integer counts.
35,16,1.0,0.145,51.31702019761448,0.9394422991029168,0.789684367404811,-1.4704665664433911,Numerical finite sums from exact integer counts.
35,16,1.0,0.1475,51.35463652244171,0.941353032058739,0.7394958418605988,-1.4706544135717794,Numerical finite sums from exact integer counts.
35,16,1.0,0.15,51.39232682554978,0.9431426481768084,0.6927516300447736,-1.4708397968012674,Numerical finite sums from exact integer counts.
35,16,1.0,0.1525,51.43008643061304,0.9448194696175257,0.6492231651102407,-1.471022774135413,Numerical finite sums from exact integer counts.
35,16,1.0,0.155,51.46791098299466,0.9463912643689297,0.6086955765236772,-1.4712034031500243,Numerical finite sums from exact integer counts.
35,16,1.0,0.1575,51.505796428254556,0.9478652797358085,0.5709670868109554,-1.4713817407973775,Numerical finite sums from exact integer counts.
35,16,1.0,0.16,51.54373899196655,0.9492482743096348,0.5358484007544576,-1.4715578432405516,Numerical finite sums from exact integer counts.
35,16,1.0,0.1625,51.58173516078375,0.9505465484094935,0.5031620940456716,-1.4717317657146745,Numerical finite sums from exact integer counts.
35,16,1.0,0.165,51.619781664691075,0.9517659730000586,0.4727420071318703,-1.4719035624120975,Numerical finite sums from exact integer counts.
35,16,1.0,0.1675,51.657875460384325,0.9529120171056188,0.44443264890001305,-1.4720732863888117,Numerical finite sums from exact integer counts.
35,16,1.0,0.17,51.696013715716184,0.9539897737495526,0.4180886138968496,-1.472240989489649,Numerical finite sums from exact integer counts.
35,16,1.0,0.17250000000000001,51.73419379515101,0.9550039844568602,0.39357401597475805,-1.4724067222900448,Numerical finite sums from exact integer counts.
35,16,1.0,0.17500000000000002,51.7724132461716,0.9559590623636973,0.37076194056258877,-1.4725705340523538,Numerical finite sums from exact integer counts.
35,16,1.0,0.1775,51.81066978658338,0.9568591139826027,0.3495339171757064,-1.4727324726948947,Numerical finite sums from exact integer counts.
35,16,1.0,0.18,51.8489612926631,0.9577079596755128,0.32977941328636756,-1.472892584772106,Numerical finite sums from exact integer counts.
35,16,1.0,0.1825,51.88728578810158,0.9585091528889339,0.3113953502629679,-1.4730509154643352,Numerical finite sums from exact integer counts.
35,16,1.0,0.185,51.925641433691965,0.9592659982069567,0.29428564174404626,-1.4732075085759548,Numerical finite sums from exact integer counts.
35,16,1.0,0.1875,51.96402651771749,0.9599815682783589,0.27836075453066317,-1.4733624065406168,Numerical finite sums from exact integer counts.
35,16,1.0,0.19,52.002439446994615,0.9606587196739661,0.2635372918507464,-1.4735156504326188,Numerical finite sums from exact integer counts.
35,16,1.0,0.1925,52.0408787385301,0.9613001077297983,0.2497375986636638,-1.473667279983435,Numerical finite sums from exact integer counts.
35,16,1.0,0.195,52.07934301175238,0.9619082004305476,0.23688938852621663,-1.4738173336025817,Numerical finite sums from exact integer counts.
35,16,1.0,0.1975,52.11783098128001,0.9624852913865655,0.22492539142669282,-1.4739658484021019,Numerical finite sums from exact integer counts.
35,16,1.0,0.2,52.15634145019187,0.9630335119559421,0.21378302190660214,-1.474112860223994,Numerical finite sums from exact integer counts.
35,16,1.0,0.2025,52.19487330376599,0.9635548425614788,0.20340406672590355,-1.4742584036700397,Numerical finite sums from exact integer counts.
35,16,1.0,0.20500000000000002,52.23342550365587,0.9640511232504377,0.19373439128311085,-1.4744025121335143,Numerical finite sums from exact integer counts.
35,16,1.0,0.20750000000000002,52.271997082474634,0.9645240635429352,0.1847236639734629,-1.4745452178323375,Numerical finite sums from exact integer counts.
35,16,1.0,0.21,52.310587138759765,0.9649752516127863,0.1763250976534244,-1.474686551843295,Numerical finite sums from exact integer counts.
35,16,1.0,0.2125,52.34919483229235,0.9654061628425257,0.1684952073758565,-1.4748265441369823,Numerical finite sums from exact integer counts.
35,16,1.0,0.215,52.387819379746695,0.9658181677922347,0.16119358356514404,-1.4749652236131834,Numerical finite sums from exact integer counts.
35,16,1.0,0.2175,52.42646005064763,0.9662125396197551,0.15438267981361373,-1.4751026181364433,Numerical finite sums from exact integer counts.
35,16,1.0,0.22,52.46511616361416,0.9665904609878335,0.1480276144982833,-1.4752387545716092,Numerical finite sums from exact integer counts.
35,16,1.0,0.2225,52.50378708286982,0.9669530304917652,0.14209598543903298,-1.4753736588191635,Numerical finite sums from exact integer counts.
35,16,1.0,0.225,52.54247221500096,0.9673012686392048,0.13655769684464342,-1.4755073558501883,Numerical finite sums from exact integer counts.
35,16,1.0,0.2275,52.581171005945876,0.9676361234119348,0.1313847978209407,-1.475639869740833,Numerical finite sums from exact integer counts.
35,16,1.0,0.23,52.6198829381984,0.9679584754376349,0.12655133174470745,-1.4757712237061806,Numerical finite sums from exact integer counts.
35,16,1.0,0.2325,52.65860752821114,0.9682691427979679,0.12203319583752541,-1.4759014401334147,Numerical finite sums from exact integer counts.
35,16,1.0,0.23500000000000001,52.69734432398405,0.9685688854976874,0.11780801030476253,-1.4760305406142158,Numerical finite sums from exact integer counts.
35,16,1.0,0.23750000000000002,52.73609290282546,0.9688584096179158,0.11385499643608987,-1.4761585459763376,Numerical finite sums from exact integer counts.
35,16,1.0,0.24,52.77485286927329,0.9691383711752787,0.11015486309489717,-1.4762854763143027,Numerical finite sums from exact integer counts.
35,16,1.0,0.2425,52.813623853164984,0.969409379707176,0.10668970105449316,-1.4764113510192043,Numerical finite sums from exact integer counts.
35,16,1.0,0.245,52.85240550784583,0.9696720016021709,0.10344288466880328,-1.476536188807568,Numerical finite sums from exact integer counts.
35,16,1.0,0.2475,52.89119750850561,0.9699267631932154,0.10039898039430101,-1.4766600077492744,Numerical finite sums from exact integer counts.
35,16,1.0,0.25,52.92999955063456,0.9701741536302645,0.09754366170793036,-1.4767828252945274,Numerical finite sums from exact integer counts.
35,16,1.0,0.2525,52.96881134859001,0.9704146275477378,0.0948636299927846,-1.476904658299873,Numerical finite sums from exact integer counts.
35,16,1.0,0.255,53.00763263426594,0.9706486075412262,0.0923465409891906,-1.4770255230532559,Numerical finite sums from exact integer counts.
35,16,1.0,0.2575,53.04646315585799,0.9708764864668925,0.08998093643359133,-1.4771454352981468,Numerical finite sums from exact integer counts.
35,16,1.0,0.26,53.08530267671711,0.971098629576079,0.0877561805311953,-1.4772644102567296,Numerical finite sums from exact integer counts.
35,16,1.0,0.2625,53.12415097428546,0.971315376496796,0.08566240093077489,-1.477382462652183,Numerical finite sums from exact integer counts.
35,16,1.0,0.265,53.16300783910874,0.9715270430729436,0.08369043389124697,-1.4774996067300556,Numerical finite sums from exact integer counts.
35,16,1.0,0.2675,53.201873073919366,0.9717339230713903,0.08183177334977465,-1.4776158562787713,Numerical finite sums from exact integer counts.
35,16,1.0,0.27,53.24074649278552,0.971936289766311,0.08007852362014195,-1.4777312246492789,Numerical finite sums from exact integer counts.
35,16,1.0,0.2725,53.279627920321154,0.9721343974095472,0.07842335546805242,-1.4778457247738714,Numerical finite sums from exact integer counts.
35,16,1.0,0.275,53.31851719095279,0.9723284825951195,0.07685946532688678,-1.477959369184191,Numerical finite sums from exact integer counts.
35,16,1.0,0.2775,53.35741414823879,0.9725187655254889,0.07538053743331632,-1.4780721700284694,Numerical finite sums from exact integer counts.
35,16,1.0,0.28,53.39631864423752,0.9727054511865741,0.07398070867707136,-1.4781841390879915,Numerical finite sums from exact integer counts.
35,16,1.0,0.28250000000000003,53.43523053892075,0.9728887304380991,0.07265453597315297,-1.4782952877928477,Numerical finite sums from exact integer counts.
35,16,1.0,0.28500000000000003,53.474149699629116,0.9730687810253252,0.07139696597787237,-1.4784056272369688,Numerical finite sums from exact integer counts.
35,16,1.0,0.28750000000000003,53.51307600056653,0.9732457685178396,0.0702033069823916,-1.4785151681924922,Numerical finite sums from exact integer counts.
35,16,1.0,0.29,53.552009322330804,0.9734198471806296,0.06906920282891142,-1.478623921123471,Numerical finite sums from exact integer counts.
35,16,1.0,0.2925,53.59094955147783,0.9735911607823239,0.067990608705398,-1.4787318961989577,Numerical finite sums from exact integer counts.
35,16,1.0,0.295,53.62989658011689,0.9737598433451347,0.06696376868477434,-1.4788391033054855,Numerical finite sums from exact integer counts.
35,16,1.0,0.2975,53.66885030553494,0.9739260198406934,0.06598519488386971,-1.4789455520589803,Numerical finite sums from exact integer counts.
35,16,1.0,0.3,53.70781062984761,0.9740898068356844,0.06505164812616765,-1.4790512518161072,Numerical finite sums from exact integer counts.
35,16,1.0,0.3025,53.74677745967516,0.9742513130909071,0.06416012000054643,-1.4791562116850983,Numerical finite sums from exact integer counts.
35,16,1.0,0.305,53.78575070584149,0.9744106401171224,0.06330781621581565,-1.479260440536068,Numerical finite sums from exact integer counts.
35,16,1.0,0.3075,53.8247302830946,0.9745678826908076,0.062492141157929504,-1.4793639470108533,Numerical finite sums from exact integer counts.
35,16,1.0,0.31,53.863716109846905,0.9747231293327168,0.061710683563371185,-1.479466739532375,Numerical finite sums from exact integer counts.
35,16,1.0,0.3125,53.90270810793398,0.9748764627519345,0.060961203228338576,-1.4795688263135767,Numerical finite sums from exact integer counts.
35,16,1.0,0.315,53.94170620239045,0.9750279602579242,0.0602416186790886,-1.4796702153659267,Numerical finite sums from exact integer counts.
35,16,1.0,0.3175,53.98071032124174,0.9751776941428731,0.05954999573412052,-1.47977091450753,Numerical finite sums from exact integer counts.
35,16,1.0,0.32,54.01972039531058,0.9753257320364942,0.05888453689383144,-1.4798709313708416,Numerical finite sums from exact integer counts.
35,16,1.0,0.3225,54.05873635803718,0.975472137235278,0.0582435714978841,-1.479970273410033,Numerical finite sums from exact integer counts.
35,16,1.0,0.325,54.097758145312056,0.9756169690080291,0.057625546594808216,-1.480068947907995,Numerical finite sums from exact integer counts.
35,16,1.0,0.3275,54.13678569532069,0.9757602828794214,0.057029018472342874,-1.4801669619830133,Numerical finite sums from exact integer counts.
35,16,1.0,0.33,54.175818948399076,0.9759021308931546,0.05645264480071798,-1.4802643225951368,Numerical finite sums from exact integer counts.
35,16,1.0,0.3325,54.21485784689946,0.9760425618561807,0.05589517734452498,-1.4803610365522257,Numerical finite sums from exact integer counts.
35,16,1.0,0.335,54.25390233506543,0.976181621565388,0.05535545520200664,-1.480457110515736,Numerical finite sums from exact integer counts.
35,16,1.0,0.3375,54.29295235891576,0.9763193530179969,0.05483239853357437,-1.480552551006219,Numerical finite sums from exact integer counts.
35,16,1.0,0.34,54.33200786613643,0.9764557966068496,0.05432500274410851,-1.4806473644085592,Numerical finite sums from exact integer counts.
35,16,1.0,0.3425,54.371068805980066,0.9765909903016937,0.0538323330861628,-1.4807415569769755,Numerical finite sums from exact integer counts.
35,16,1.0,0.34500000000000003,54.410135129172446,0.9767249698174639,0.05335351965356497,-1.4808351348397855,Numerical finite sums from exact integer counts.
35,16,1.0,0.34750000000000003,54.44920678782549,0.9768577687705068,0.05288775273711238,-1.4809281040039388,Numerical finite sums from exact integer counts.
35,16,1.0,0.35000000000000003,54.48828373535623,0.9769894188236221,0.052434278516111765,-1.481020470359351,Numerical finite sums from exact integer counts.
35,16,1.0,0.3525,54.527365926411385,0.9771199498207215,0.05199239506140868,-1.481112239683031,Numerical finite sums from exact integer counts.
35,16,1.0,0.355,54.56645331679717,0.9772493899118702,0.051561448627317576,-1.481203417643016,Numerical finite sums from exact integer counts.
35,16,1.0,0.3575,54.60554586341387,0.9773777656693873,0.051140830211500496,-1.4812940098021288,Numerical finite sums from exact integer counts.
35,16,1.0,0.36,54.64464352419491,0.9775051021956631,0.05072997236335968,-1.4813840216215537,Numerical finite sums from exact integer counts.
35,16,1.0,0.3625,54.68374625805011,0.977631423223298,0.05032834622292213,-1.4814734584642673,Numerical finite sums from exact integer counts.
35,16,1.0,0.365,54.72285402481274,0.977756751208096,0.049935458773494416,-1.4815623255982948,Numerical finite sums from exact integer counts.
35,16,1.0,0.3675,54.76196678519022,0.9778811074154478,0.049550850292589446,-1.4816506281998232,Numerical finite sums from exact integer counts.
35,16,1.0,0.37,54.80108450071814,0.9780045120005739,0.04917409198673896,-1.4817383713561842,Numerical finite sums from exact integer counts.
35,16,1.0,0.3725,54.84020713371733,0.9781269840830701,0.04880478379686368,-1.4818255600686898,Numerical finite sums from exact integer counts.
35,16,1.0,0.375,54.879334647253856,0.9782485418161652,0.048442552361829164,-1.4819121992553543,Numerical finite sums from exact integer counts.
35,16,1.0,0.3775,54.91846700510168,0.9783692024510738,0.048087049128720125,-1.4819982937534804,Numerical finite sums from exact integer counts.
35,16,1.0,0.38,54.95760417170777,0.9784889823968002,0.047737948599197395,-1.4820838483221506,Numerical finite sums from exact integer counts.
35,16,1.0,0.3825,54.99674611215953,0.978607897275711,0.04739494670207349,-1.4821688676445908,Numerical finite sums from exact integer counts.
35,16,1.0,0.385,55.03589279215441,0.978725961975195,0.04705775928295987,-1.4822533563304472,Numerical finite sums from exact integer counts.
35,16,1.0,0.3875,55.07504417797145,0.9788431906956805,0.04672612070250329,-1.4823373189179518,Numerical finite sums from exact integer counts.
35,16,1.0,0.39,55.11420023644472,0.9789595969952744,0.04639978253534666,-1.4824207598760024,Numerical finite sums from exact integer counts.
35,16,1.0,0.3925,55.15336093493847,0.9790751938312723,0.04607851236251512,-1.4825036836061565,Numerical finite sums from exact integer counts.
35,16,1.0,0.395,55.19252624132387,0.9791899935987536,0.04576209265046917,-1.482586094444532,Numerical finite sums from exact integer counts.
35,16,1.0,0.3975,55.231696123957256,0.9793040081664772,0.04545031971054517,-1.4826679966636342,Numerical finite sums from exact integer counts.
35,16,1.0,0.4,55.27087055165974,0.9794172489102754,0.04514300273297044,-1.4827493944741101,Numerical finite sums from exact integer counts.
