disagreeing_edges_k,up_spins_m,S,M,exact_count
0,0,84,-56,1
0,56,84,56,1
1,1,82,-54,1
1,55,82,54,1
2,2,80,-52,1
2,54,80,52,1
3,1,78,-54,55
3,3,78,-50,6
3,53,78,50,6
3,55,78,54,55
4,2,76,-52,136
4,4,76,-48,21
4,52,76,48,21
4,54,76,52,136
5,3,74,-50,283
5,5,74,-46,66
5,7,74,-42,2
5,49,74,42,2
5,51,74,46,66
5,53,74,50,283
6,2,72,-52,1403
6,4,72,-48,848
6,6,72,-44,220
6,8,72,-40,14
6,48,72,40,14
6,50,72,44,220
6,52,72,48,848
6,54,72,52,1403
7,3,70,-50,5383
7,5,70,-46,2670
7,7,70,-42,746
7,9,70,-38,93
7,11,70,-34,8
7,45,70,34,8
7,47,70,38,93
7,49,70,42,746
7,51,70,46,2670
7,53,70,50,5383
8,4,68,-48,15090
8,6,68,-44,8236
8,8,68,-40,2651
8,10,68,-36,541
8,12,68,-32,99
8,14,68,-28,20
8,16,68,-24,8
8,18,68,-20,8
8,20,68,-16,4
8,22,68,-12,4
8,24,68,-8,4
8,26,68,-4,2
8,28,68,0,4
8,30,68,4,2
8,32,68,8,4
8,34,68,12,4
8,36,68,16,4
8,38,68,20,8
8,40,68,24,8
8,42,68,28,20
8,44,68,32,99
8,46,68,36,541
8,48,68,40,2651
8,50,68,44,8236
8,52,68,48,15090
9,3,66,-50,22048
9,5,66,-46,44570
9,7,66,-42,25697
9,9,66,-38,9428
9,11,66,-34,2712
9,13,66,-30,800
9,15,66,-26,280
9,17,66,-22,154
9,19,66,-18,112
9,21,66,-14,86
9,23,66,-10,70
9,25,66,-6,60
9,27,66,-2,52
9,29,66,2,52
9,31,66,6,60
9,33,66,10,70
9,35,66,14,86
9,37,66,18,112
9,39,66,22,154
9,41,66,26,280
9,43,66,30,800
9,45,66,34,2712
9,47,66,38,9428
9,49,66,42,25697
9,51,66,46,44570
9,53,66,50,22048
10,4,64,-48,112200
10,6,64,-44,135511
10,8,64,-40,80696
10,10,64,-36,33763
10,12,64,-32,12517
10,14,64,-28,4942
10,16,64,-24,2321
10,18,64,-20,1383
10,20,64,-16,1047
10,22,64,-12,820
10,24,64,-8,664
10,26,64,-4,612
10,28,64,0,526
10,30,64,4,612
10,32,64,8,664
10,34,64,12,820
10,36,64,16,1047
10,38,64,20,1383
10,40,64,24,2321
10,42,64,28,4942
10,44,64,32,12517
10,46,64,36,33763
10,48,64,40,80696
10,50,64,44,135511
10,52,64,48,112200
11,5,62,-46,383156
11,7,62,-42,409559
11,9,62,-38,256555
11,11,62,-34,121900
11,13,62,-30,54366
11,15,62,-26,26187
11,17,62,-22,14465
11,19,62,-18,9581
11,21,62,-14,7252
11,23,62,-10,5945
11,25,62,-6,5125
11,27,62,-2,4753
11,29,62,2,4753
11,31,62,6,5125
11,33,62,10,5945
11,35,62,14,7252
11,37,62,18,9581
11,39,62,22,14465
11,41,62,26,26187
11,43,62,30,54366
11,45,62,34,121900
11,47,62,38,256555
11,49,62,42,409559
11,51,62,46,383156
12,4,60,-48,239131
12,6,60,-44,1206280
12,8,60,-40,1233482
12,10,60,-36,817963
12,12,60,-32,437975
12,14,60,-28,226585
12,16,60,-24,125746
12,18,60,-20,78710
12,20,60,-16,55804
12,22,60,-12,44156
12,24,60,-8,37862
12,26,60,-4,34042
12,28,60,0,33562
12,30,60,4,34042
12,32,60,8,37862
12,34,60,12,44156
12,36,60,16,55804
12,38,60,20,78710
12,40,60,24,125746
12,42,60,28,226585
12,44,60,32,437975
12,46,60,36,817963
12,48,60,40,1233482
12,50,60,44,1206280
12,52,60,48,239131
13,5,58,-46,1488755
13,7,58,-42,3702380
13,9,58,-38,3696826
13,11,58,-34,2603021
13,13,58,-30,1556191
13,15,58,-26,910494
13,17,58,-22,566877
13,19,58,-18,388212
13,21,58,-14,294806
13,23,58,-10,243757
13,25,58,-6,216557
13,27,58,-2,204237
13,29,58,2,204237
13,31,58,6,216557
13,33,58,10,243757
13,35,58,14,294806
13,37,58,18,388212
13,39,58,22,566877
13,41,58,26,910494
13,43,58,30,1556191
13,45,58,34,2603021
13,47,58,38,3696826
13,49,58,42,3702380
13,51,58,46,1488755
14,6,56,-44,5878495
14,8,56,-40,11110932
14,10,56,-36,11044723
14,12,56,-32,8256170
14,14,56,-28,5438412
14,16,56,-24,3533298
14,18,56,-20,2412843
14,20,56,-16,1783588
14,22,56,-12,1430793
14,24,56,-8,1232790
14,26,56,-4,1134701
14,28,56,0,1099648
14,30,56,4,1134701
14,32,56,8,1232790
14,34,56,12,1430793
14,36,56,16,1783588
14,38,56,20,2412843
14,40,56,24,3533298
14,42,56,28,5438412
14,44,56,32,8256170
14,46,56,36,11044723
14,48,56,40,11110932
14,50,56,44,5878495
15,5,54,-46,1900599
15,7,54,-42,19863928
15,9,54,-38,32747408
15,11,54,-34,32822176
15,13,54,-30,26000800
15,15,54,-26,18640962
15,17,54,-22,13223821
15,19,54,-18,9770260
15,21,54,-14,7686801
15,23,54,-10,6470303
15,25,54,-6,5793771
15,27,54,-2,5490454
15,29,54,2,5490454
15,31,54,6,5793771
15,33,54,10,6470303
15,35,54,14,7686801
15,37,54,18,9770260
15,39,54,22,13223821
15,41,54,26,18640962
15,43,54,30,26000800
15,45,54,34,32822176
15,47,54,38,32747408
15,49,54,42,19863928
15,51,54,46,1900599
16,6,52,-44,13767220
16,8,52,-40,62513841
16,10,52,-36,94946110
16,12,52,-32,96733219
16,14,52,-28,81016346
16,16,52,-24,62525925
16,18,52,-20,47824490
16,20,52,-16,37753448
16,22,52,-12,31358340
16,24,52,-8,27542067
16,26,52,-4,25513029
16,28,52,0,24898490
16,30,52,4,25513029
16,32,52,8,27542067
16,34,52,12,31358340
16,36,52,16,37753448
16,38,52,20,47824490
16,40,52,24,62525925
16,42,52,28,81016346
16,44,52,32,96733219
16,46,52,36,94946110
16,48,52,40,62513841
16,50,52,44,13767220
17,7,50,-42,60747254
17,9,50,-38,187907223
17,11,50,-34,271246857
17,13,50,-30,282146061
17,15,50,-26,248883137
17,17,50,-22,204904538
17,19,50,-18,167122000
17,21,50,-14,139676247
17,23,50,-10,121589177
17,25,50,-6,110851403
17,27,50,-2,105890766
17,29,50,2,105890766
17,31,50,6,110851403
17,33,50,10,121589177
17,35,50,14,139676247
17,37,50,18,167122000
17,39,50,22,204904538
17,41,50,26,248883137
17,43,50,30,282146061
17,45,50,34,271246857
17,47,50,38,187907223
17,49,50,42,60747254
18,6,48,-44,11472474
18,8,48,-40,218592744
18,10,48,-36,545804287
18,12,48,-32,763629623
18,14,48,-28,812465442
18,16,48,-24,751392218
18,18,48,-20,654387389
18,20,48,-16,564049075
18,22,48,-12,494986020
18,24,48,-8,448674131
18,26,48,-4,422566453
18,28,48,0,414127868
18,30,48,4,422566453
18,32,48,8,448674131
18,34,48,12,494986020
18,36,48,16,564049075
18,38,48,20,654387389
18,40,48,24,751392218
18,42,48,28,812465442
18,44,48,32,763629623
18,46,48,36,545804287
18,48,48,40,218592744
18,50,48,44,11472474
19,7,46,-42,93374978
19,9,46,-38,706984827
19,11,46,-34,1540590744
19,13,46,-30,2116082102
19,15,46,-26,2303849591
19,17,46,-22,2222446972
19,19,46,-18,2032052145
19,21,46,-14,1836007197
19,23,46,-10,1679404150
19,25,46,-6,1575289568
19,27,46,-2,1524009301
19,29,46,2,1524009301
19,31,46,6,1575289568
19,33,46,10,1679404150
19,35,46,14,1836007197
19,37,46,18,2032052145
19,39,46,22,2222446972
19,41,46,26,2303849591
19,43,46,30,2116082102
19,45,46,34,1540590744
19,47,46,38,706984827
19,49,46,42,93374978
20,8,44,-40,449004734
20,10,44,-36,2134573414
20,12,44,-32,4239059273
20,14,44,-28,5763428568
20,16,44,-24,6415711266
20,18,44,-20,6422380633
20,20,44,-16,6120908242
20,22,44,-12,5754029341
20,24,44,-8,5447473430
20,26,44,-4,5253103347
20,28,44,0,5187222254
20,30,44,4,5253103347
20,32,44,8,5447473430
20,34,44,12,5754029341
20,36,44,16,6120908242
20,38,44,20,6422380633
20,40,44,24,6415711266
20,42,44,28,5763428568
20,44,44,32,4239059273
20,46,44,36,2134573414
20,48,44,40,449004734
21,7,42,-42,53792856
21,9,42,-38,1701336120
21,11,42,-34,6126639567
21,13,42,-30,11387501745
21,15,42,-26,15400893708
21,17,42,-22,17497758480
21,19,42,-18,18080576886
21,21,42,-14,17839604511
21,23,42,-10,17322796549
21,25,42,-6,16853030685
21,27,42,-2,16588540382
21,29,42,2,16588540382
21,31,42,6,16853030685
21,33,42,10,17322796549
21,35,42,14,17839604511
21,37,42,18,18080576886
21,39,42,22,17497758480
21,41,42,26,15400893708
21,43,42,30,11387501745
21,45,42,34,6126639567
21,47,42,38,1701336120
21,49,42,42,53792856
22,8,40,-40,479197598
22,10,40,-36,5634219727
22,12,40,-32,16874042348
22,14,40,-28,29868863708
22,16,40,-24,40292347972
22,18,40,-20,46601574901
22,20,40,-16,49440976528
22,22,40,-12,50165242993
22,24,40,-8,49954717108
22,26,40,-4,49569249635
22,28,40,0,49402063938
22,30,40,4,49569249635
22,32,40,8,49954717108
22,34,40,12,50165242993
22,36,40,16,49440976528
22,38,40,20,46601574901
22,40,40,24,40292347972
22,42,40,28,29868863708
22,44,40,32,16874042348
22,46,40,36,5634219727
22,48,40,40,479197598
23,9,38,-38,2461669449
23,11,38,-34,17064730629
23,13,38,-30,44827242221
23,15,38,-26,76443482181
23,17,38,-22,102964897022
23,19,38,-18,120839380231
23,21,38,-14,130905864785
23,23,38,-10,135673408015
23,25,38,-6,137525234468
23,27,38,-2,138065732410
23,29,38,2,138065732410
23,31,38,6,137525234468
23,33,38,10,135673408015
23,35,38,14,130905864785
23,37,38,18,120839380231
23,39,38,22,102964897022
23,41,38,26,76443482181
23,43,38,30,44827242221
23,45,38,34,17064730629
23,47,38,38,2461669449
24,8,36,-40,198757383
24,10,36,-36,9707136757
24,12,36,-32,48369654017
24,14,36,-28,115182648659
24,16,36,-24,190650637905
24,18,36,-20,256350904296
24,20,36,-16,304128426512
24,22,36,-12,334488501686
24,24,36,-8,351663857616
24,26,36,-4,360027811566
24,28,36,0,362483758754
24,30,36,4,360027811566
24,32,36,8,351663857616
24,34,36,12,334488501686
24,36,36,16,304128426512
24,38,36,20,256350904296
24,40,36,24,190650637905
24,42,36,28,115182648659
24,44,36,32,48369654017
24,46,36,36,9707136757
24,48,36,40,198757383
25,9,34,-38,1897589697
25,11,34,-34,32703879094
25,13,34,-30,129924093758
25,15,34,-26,286571223111
25,17,34,-22,462546612440
25,19,34,-18,620066776207
25,21,34,-14,740472719674
25,23,34,-10,821832339422
25,25,34,-6,870129696957
25,27,34,-2,892232055699
25,29,34,2,892232055699
25,31,34,6,870129696957
25,33,34,10,821832339422
25,35,34,14,740472719674
25,37,34,18,620066776207
25,39,34,22,462546612440
25,41,34,26,286571223111
25,43,34,30,129924093758
25,45,34,34,32703879094
25,47,34,38,1897589697
26,10,32,-36,10241050920
26,12,32,-32,98962630835
26,14,32,-28,333055623737
26,16,32,-24,690341708828
26,18,32,-20,1089321809389
26,20,32,-16,1452677407302
26,22,32,-12,1737867713332
26,24,32,-8,1933941722063
26,26,32,-4,2046094135366
26,28,32,0,2082343912056
26,30,32,4,2046094135366
26,32,32,8,1933941722063
26,34,32,12,1737867713332
26,36,32,16,1452677407302
26,38,32,20,1089321809389
26,40,32,24,690341708828
26,42,32,28,333055623737
26,44,32,32,98962630835
26,46,32,36,10241050920
27,9,30,-38,583770774
27,11,30,-34,41542160770
27,13,30,-30,276176525664
27,15,30,-26,818017118462
27,17,30,-22,1608814717640
27,19,30,-18,2483977789772
27,21,30,-14,3285327036867
27,23,30,-10,3916481727949
27,25,30,-6,4339631501831
27,27,30,-2,4549447551730
27,29,30,2,4549447551730
27,31,30,6,4339631501831
27,33,30,10,3916481727949
27,35,30,14,3285327036867
27,37,30,18,2483977789772
27,39,30,22,1608814717640
27,41,30,26,818017118462
27,43,30,30,276176525664
27,45,30,34,41542160770
27,47,30,38,583770774
28,10,28,-36,5868293007
28,12,28,-32,141260819383
28,14,28,-28,721484340993
28,16,28,-24,1928638039588
28,18,28,-20,3621589469158
28,20,28,-16,5468645932282
28,22,28,-12,7146253492504
28,24,28,-8,8439071087786
28,26,28,-4,9240114875140
28,28,28,0,9509982394952
28,30,28,4,9240114875140
28,32,28,8,8439071087786
28,34,28,12,7146253492504
28,36,28,16,5468645932282
28,38,28,20,3621589469158
28,40,28,24,1928638039588
28,42,28,28,721484340993
28,44,28,32,141260819383
28,46,28,36,5868293007
29,11,26,-34,32784458224
29,13,26,-30,424546174322
29,15,26,-26,1779710186624
29,17,26,-22,4367059307634
29,19,26,-18,7858478023116
29,21,26,-14,11586038049917
29,23,26,-10,14890660678546
29,25,26,-6,17304263954253
29,27,26,-2,18565338164145
29,29,26,2,18565338164145
29,31,26,6,17304263954253
29,33,26,10,14890660678546
29,35,26,14,11586038049917
29,37,26,18,7858478023116
29,39,26,22,4367059307634
29,41,26,26,1779710186624
29,43,26,30,424546174322
29,45,26,34,32784458224
30,10,24,-36,1369130268
30,12,24,-32,135252211050
30,14,24,-28,1160697313491
30,16,24,-24,4165799215046
30,18,24,-20,9491260816955
30,20,24,-16,16394330075908
30,22,24,-12,23535049118267
30,24,24,-8,29589063522452
30,26,24,-4,33585748882292
30,28,24,0,34975715722688
30,30,24,4,33585748882292
30,32,24,8,29589063522452
30,34,24,12,23535049118267
30,36,24,16,16394330075908
30,38,24,20,9491260816955
30,40,24,24,4165799215046
30,42,24,28,1160697313491
30,44,24,32,135252211050
30,46,24,36,1369130268
31,11,22,-34,14266039923
31,13,22,-30,460101940879
31,15,22,-26,2935301143046
31,17,22,-22,9276196857092
31,19,22,-18,19771228793902
31,21,22,-14,32780445913441
31,23,22,-10,45647499748099
31,25,22,-6,55786967103896
31,27,22,-2,61328761354313
31,29,22,2,61328761354313
31,31,22,6,55786967103896
31,33,22,10,45647499748099
31,35,22,14,32780445913441
31,37,22,18,19771228793902
31,39,22,22,9276196857092
31,41,22,26,2935301143046
31,43,22,30,460101940879
31,45,22,34,14266039923
32,12,20,-32,81388930397
32,14,20,-28,1363291096516
32,16,20,-24,6934437335954
32,18,20,-20,19666290823772
32,20,20,-16,39389231035500
32,22,20,-12,62592197600362
32,24,20,-8,84138905268263
32,26,20,-4,99225361344799
32,28,20,0,104626453607094
32,30,20,4,99225361344799
32,32,20,8,84138905268263
32,34,20,12,62592197600362
32,36,20,16,39389231035500
32,38,20,20,19666290823772
32,40,20,24,6934437335954
32,42,20,28,1363291096516
32,44,20,32,81388930397
33,11,18,-34,2566919655
33,13,18,-30,337626476363
33,15,18,-26,3627245703250
33,17,18,-22,15391167379192
33,19,18,-18,39678431122664
33,21,18,-14,74837003861918
33,23,18,-10,113651173918682
33,25,18,-6,146596519986688
33,27,18,-2,165398928532681
33,29,18,2,165398928532681
33,31,18,6,146596519986688
33,33,18,10,113651173918682
33,35,18,14,74837003861918
33,37,18,18,39678431122664
33,39,18,22,15391167379192
33,41,18,26,3627245703250
33,43,18,30,337626476363
33,45,18,34,2566919655
34,12,16,-32,27326902113
34,14,16,-28,1137969789749
34,16,16,-24,8822742972302
34,18,16,-20,32189515031405
34,20,16,-16,76069055815278
34,22,16,-12,135118521369571
34,24,16,-8,195276754533493
34,26,16,-4,239946885480724
34,28,16,0,256403297124914
34,30,16,4,239946885480724
34,32,16,8,195276754533493
34,34,16,12,135118521369571
34,36,16,16,76069055815278
34,38,16,20,32189515031405
34,40,16,24,8822742972302
34,42,16,28,1137969789749
34,44,16,32,27326902113
35,13,14,-30,157142892602
35,15,14,-26,3295670853968
35,17,14,-22,19829843753970
35,19,14,-18,63498794043516
35,21,14,-14,138236295202710
35,23,14,-10,230846436187066
35,25,14,-6,315706053828164
35,27,14,-2,366313493797465
35,29,14,2,366313493797465
35,31,14,6,315706053828164
35,33,14,10,230846436187066
35,35,14,14,138236295202710
35,37,14,18,63498794043516
35,39,14,22,19829843753970
35,41,14,26,3295670853968
35,43,14,30,157142892602
36,12,12,-32,3839988281
36,14,12,-28,647929439342
36,16,12,-24,8463751447812
36,18,12,-20,41439381695444
36,20,12,-16,118083393590781
36,22,12,-12,237329296165264
36,24,12,-8,371314076964222
36,26,12,-4,477079915243859
36,28,12,0,517211684100760
36,30,12,4,477079915243859
36,32,12,8,371314076964222
36,34,12,12,237329296165264
36,36,12,16,118083393590781
36,38,12,20,41439381695444
36,40,12,24,8463751447812
36,42,12,28,647929439342
36,44,12,32,3839988281
37,13,10,-30,41191959810
37,15,10,-26,2141126797676
37,17,10,-22,19638672231898
37,19,10,-18,80769482707094
37,21,10,-14,206630637070705
37,23,10,-10,383317586634265
37,25,10,-6,558938946827285
37,27,10,-2,668628725300710
37,29,10,2,668628725300710
37,31,10,6,558938946827285
37,33,10,10,383317586634265
37,35,10,14,206630637070705
37,37,10,18,80769482707094
37,39,10,22,19638672231898
37,41,10,26,2141126797676
37,43,10,30,41191959810
38,14,8,-28,235681902755
38,16,8,-24,6000909882992
38,18,8,-20,41634314986183
38,20,8,-16,146964214719460
38,22,8,-12,339227622557984
38,24,8,-8,579406052606388
38,26,8,-4,781810135613446
38,28,8,0,861053841277954
38,30,8,4,781810135613446
38,32,8,8,579406052606388
38,34,8,12,339227622557984
38,36,8,16,146964214719460
38,38,8,20,41634314986183
38,40,8,24,6000909882992
38,42,8,28,235681902755
39,13,6,-30,4562084716
39,15,6,-26,954243114625
39,17,6,-22,14729748499628
39,19,6,-18,81161560704002
39,21,6,-14,249416324098355
39,23,6,-10,520347979039664
39,25,6,-6,814479900124052
39,27,6,-2,1007544300868437
39,29,6,2,1007544300868437
39,31,6,6,814479900124052
39,33,6,10,520347979039664
39,35,6,14,249416324098355
39,37,6,18,81161560704002
39,39,6,22,14729748499628
39,41,6,26,954243114625
39,43,6,30,4562084716
40,14,4,-28,48636132939
40,16,4,-24,3056137286857
40,18,4,-20,32275016364652
40,20,4,-16,145924264709730
40,22,4,-12,393857630940056
40,24,4,-8,741824221449607
40,26,4,-4,1056661334394105
40,28,4,0,1184165593499924
40,30,4,4,1056661334394105
40,32,4,8,741824221449607
40,34,4,12,393857630940056
40,36,4,16,145924264709730
40,38,4,20,32275016364652
40,40,4,24,3056137286857
40,42,4,28,48636132939
41,15,2,-26,273200551234
41,17,2,-22,8195018595875
41,19,2,-18,63847473389652
41,21,2,-14,242107390895526
41,23,2,-10,576475863727842
41,25,2,-6,976415920913760
41,27,2,-2,1253532716278016
41,29,2,2,1253532716278016
41,31,2,6,976415920913760
41,33,2,10,576475863727842
41,35,2,14,242107390895526
41,37,2,18,63847473389652
41,39,2,22,8195018595875
41,41,2,26,273200551234
42,14,0,-28,4272231596
42,16,0,-24,1072177009803
42,18,0,-20,19002577833979
42,20,0,-16,114743750155483
42,22,0,-12,370100279901053
42,24,0,-8,777931046224980
42,26,0,-4,1176912582610092
42,28,0,0,1344580137157984
42,30,0,4,1176912582610092
42,32,0,8,777931046224980
42,34,0,12,370100279901053
42,36,0,16,114743750155483
42,38,0,20,19002577833979
42,40,0,24,1072177009803
42,42,0,28,4272231596
43,15,-2,-26,44625466180
43,17,-2,-22,3285221553794
43,19,-2,-18,38837029807347
43,21,-2,-14,187821625165656
43,23,-2,-10,519496674393641
43,25,-2,-6,961209760958797
43,27,-2,-2,1286053445868848
43,29,-2,2,1286053445868848
43,31,-2,6,961209760958797
43,33,-2,10,519496674393641
43,35,-2,14,187821625165656
43,37,-2,18,38837029807347
43,39,-2,22,3285221553794
43,41,-2,26,44625466180
44,16,-4,-24,242629973740
44,18,-4,-20,8317645537356
44,20,-4,-16,70737499788359
44,22,-4,-12,279952843968002
44,24,-4,-8,666085500387874
44,26,-4,-4,1077989403588342
44,28,-4,0,1258285966528412
44,30,-4,4,1077989403588342
44,32,-4,8,666085500387874
44,34,-4,12,279952843968002
44,36,-4,16,70737499788359
44,38,-4,20,8317645537356
44,40,-4,24,242629973740
45,15,-6,-26,3120653924
45,17,-6,-22,909829510309
45,19,-6,-18,17968048922599
45,21,-6,-14,115473741826944
45,23,-6,-10,378951838709977
45,25,-6,-6,774562777125195
45,27,-6,-2,1085349760328655
45,29,-6,2,1085349760328655
45,31,-6,6,774562777125195
45,33,-6,10,378951838709977
45,35,-6,14,115473741826944
45,37,-6,18,17968048922599
45,39,-6,22,909829510309
45,41,-6,26,3120653924
46,16,-8,-24,31457135060
46,18,-8,-20,2628110127017
46,20,-8,-16,33741659113112
46,22,-8,-12,169230961390106
46,24,-8,-8,463540804633404
46,26,-8,-4,809301698375246
46,28,-8,0,967640534749364
46,30,-8,4,809301698375246
46,32,-8,8,463540804633404
46,34,-8,12,169230961390106
46,36,-8,16,33741659113112
46,38,-8,20,2628110127017
46,40,-8,24,31457135060
47,17,-10,-22,162989530479
47,19,-10,-18,6185801699729
47,21,-10,-14,55652792310089
47,23,-10,-10,222314532402635
47,25,-10,-6,508653058206169
47,27,-10,-2,750764551010124
47,29,-10,2,750764551010124
47,31,-10,6,508653058206169
47,33,-10,10,222314532402635
47,35,-10,14,55652792310089
47,37,-10,18,6185801699729
47,39,-10,22,162989530479
48,16,-12,-24,1753555624
48,18,-12,-20,574618176062
48,20,-12,-16,12242210546140
48,22,-12,-12,80995098390616
48,24,-12,-8,260622093405095
48,26,-12,-4,495765382536347
48,28,-12,0,609009431339528
48,30,-12,4,495765382536347
48,32,-12,8,260622093405095
48,34,-12,12,80995098390616
48,36,-12,16,12242210546140
48,38,-12,20,574618176062
48,40,-12,24,1753555624
49,17,-14,-22,16776752982
49,19,-14,-18,1538184678600
49,21,-14,-14,20736548364059
49,23,-14,-10,104030937972171
49,25,-14,-6,270655581592431
49,27,-14,-2,423640345756746
49,29,-14,2,423640345756746
49,31,-14,6,270655581592431
49,33,-14,10,104030937972171
49,35,-14,14,20736548364059
49,37,-14,18,1538184678600
49,39,-14,22,16776752982
50,18,-16,-20,81398328262
50,20,-16,-16,3303962144879
50,22,-16,-12,30336038837941
50,24,-16,-8,117500024863603
50,26,-16,-4,246391756435196
50,28,-16,0,312066072742946
50,30,-16,4,246391756435196
50,32,-16,8,117500024863603
50,34,-16,12,30336038837941
50,36,-16,16,3303962144879
50,38,-16,20,81398328262
51,17,-18,-22,744626538
51,19,-18,-18,264798500839
51,21,-18,-14,5869332993651
51,23,-18,-10,38438064788542
51,25,-18,-6,115866276054954
51,27,-18,-2,193855963694945
51,29,-18,2,193855963694945
51,31,-18,6,115866276054954
51,33,-18,10,38438064788542
51,35,-18,14,5869332993651
51,37,-18,18,264798500839
51,39,-18,22,744626538
52,18,-20,-20,6635647523
52,20,-20,-16,643675217020
52,22,-20,-12,8763920679835
52,24,-20,-8,42092016041930
52,26,-20,-4,98658390362275
52,28,-20,0,129366046022380
52,30,-20,4,98658390362275
52,32,-20,8,42092016041930
52,34,-20,12,8763920679835
52,36,-20,16,643675217020
52,38,-20,20,6635647523
53,19,-22,-18,29543831076
53,21,-22,-14,1233687770483
53,23,-22,-10,11076544491523
53,25,-22,-6,39567809875059
53,27,-22,-2,71428119366590
53,29,-22,2,71428119366590
53,31,-22,6,39567809875059
53,33,-22,10,11076544491523
53,35,-22,14,1233687770483
53,37,-22,18,29543831076
54,18,-24,-20,233562090
54,20,-24,-16,86744579068
54,22,-24,-12,1918003187842
54,24,-24,-8,11850958634326
54,26,-24,-4,31566298139020
54,28,-24,0,43061271800406
54,30,-24,4,31566298139020
54,32,-24,8,11850958634326
54,34,-24,12,1918003187842
54,36,-24,16,86744579068
54,38,-24,20,233562090
55,19,-26,-18,1896920483
55,21,-26,-14,186827275291
55,23,-26,-10,2452334800781
55,25,-26,-6,10671347516472
55,27,-26,-2,21017275962630
55,29,-26,2,21017275962630
55,31,-26,6,10671347516472
55,33,-26,10,2452334800781
55,35,-26,14,186827275291
55,37,-26,18,1896920483
56,20,-28,-16,7566320072
56,22,-28,-12,310754366438
56,24,-28,-8,2588571195708
56,26,-28,-4,7993692380274
56,28,-28,0,11410135133148
56,30,-28,4,7993692380274
56,32,-28,8,2588571195708
56,34,-28,12,310754366438
56,36,-28,16,7566320072
57,19,-30,-18,52537775
57,21,-30,-14,19520751582
57,23,-30,-10,409505255956
57,25,-30,-6,2246509393913
57,27,-30,-2,4892003706399
57,29,-30,2,4892003706399
57,31,-30,6,2246509393913
57,33,-30,10,409505255956
57,35,-30,14,19520751582
57,37,-30,18,52537775
58,20,-32,-16,378914544
58,22,-32,-12,36133922597
58,24,-32,-8,431862699573
58,26,-32,-4,1584651930391
58,28,-32,0,2383185892558
58,30,-32,4,1584651930391
58,32,-32,8,431862699573
58,34,-32,12,36133922597
58,36,-32,16,378914544
59,21,-34,-14,1314780241
59,23,-34,-10,50353419759
59,25,-34,-6,364092130585
59,27,-34,-2,891045335808
59,29,-34,2,891045335808
59,31,-34,6,364092130585
59,33,-34,10,50353419759
59,35,-34,14,1314780241
60,20,-36,-16,8144264
60,22,-36,-12,2881986330
60,24,-36,-8,53955476418
60,26,-36,-4,242763801144
60,28,-36,0,387950657382
60,30,-36,4,242763801144
60,32,-36,8,53955476418
60,34,-36,12,2881986330
60,36,-36,16,8144264
61,21,-38,-14,50516099
61,23,-38,-10,4408641528
61,25,-38,-6,44646944303
61,27,-38,-2,125383035541
61,29,-38,2,125383035541
61,31,-38,6,44646944303
61,33,-38,10,4408641528
61,35,-38,14,50516099
62,22,-40,-12,146829316
62,24,-40,-8,4912296602
62,26,-40,-4,28272063411
62,28,-40,0,48537523044
62,30,-40,4,28272063411
62,32,-40,8,4912296602
62,34,-40,12,146829316
63,21,-42,-14,820987
63,23,-42,-10,261504027
63,25,-42,-6,4043375308
63,27,-42,-2,13399190675
63,29,-42,2,13399190675
63,31,-42,6,4043375308
63,33,-42,10,261504027
63,35,-42,14,820987
64,22,-44,-12,4203586
64,24,-44,-8,313222926
64,26,-44,-4,2444520837
64,28,-44,0,4575533352
64,30,-44,4,2444520837
64,32,-44,8,313222926
64,34,-44,12,4203586
65,23,-46,-10,9719731
65,25,-46,-6,260977228
65,27,-46,-2,1059983271
65,29,-46,2,1059983271
65,31,-46,6,260977228
65,33,-46,10,9719731
66,22,-48,-12,48745
66,24,-48,-8,13188501
66,26,-48,-4,151434133
66,28,-48,0,315208032
66,30,-48,4,151434133
66,32,-48,8,13188501
66,34,-48,12,48745
67,23,-50,-10,195073
67,25,-50,-6,11397104
67,27,-50,-2,59685353
67,29,-50,2,59685353
67,31,-50,6,11397104
67,33,-50,10,195073
68,24,-52,-8,332478
68,26,-52,-4,6378731
68,28,-52,0,15145098
68,30,-52,4,6378731
68,32,-52,8,332478
69,23,-54,-10,1355
69,25,-54,-6,310171
69,27,-54,-2,2256268
69,29,-54,2,2256268
69,31,-54,6,310171
69,33,-54,10,1355
70,24,-56,-8,3906
70,26,-56,-4,168269
70,28,-56,0,472846
70,30,-56,4,168269
70,32,-56,8,3906
71,25,-58,-6,4292
71,27,-58,-2,52101
71,29,-58,2,52101
71,31,-58,6,4292
72,24,-60,-8,5
72,26,-60,-4,2241
72,28,-60,0,8514
72,30,-60,4,2241
72,32,-60,8,5
73,25,-62,-6,8
73,27,-62,-2,574
73,29,-62,2,574
73,31,-62,6,8
74,26,-64,-4,5
74,28,-64,0,60
74,30,-64,4,5
75,27,-66,-2,1
75,29,-66,2,1
